procName,ImagePath,parentProc,NumberOfInstances,UserAccount,LoadedDlls,ChildProcs,GrandParentProcs,Ports,Notes
AggregatorHost.exe,C:\Windows\System32\AggregatorHost.exe,svchost.exe,1,NT AUTHORITY\SYSTEM,"AggregatorHost.exe,ntdll.dll,KERNEL32.DLL,KERNELBASE.dll,msvcp_win.dll,ucrtbase.dll,RPCRT4.dll,advapi32.dll,msvcrt.dll,sechost.dll,UpdateHeartbeatScan.dll,UpdatePolicyScenarioReliabilityAggregator.dll,combase.dll,UusFailover.dll,bcryptPrimitives.dll",,,,
ApplicationFrameHost.exe,C:\Windows\system32\ApplicationFrameHost.exe,svchost.exe,1,USER,"ApplicationFrameHost.exe,ntdll.dll,KERNEL32.DLL,KERNELBASE.dll,ucrtbase.dll,combase.dll,RPCRT4.dll,kernel.appcore.dll,msvcrt.dll,bcryptPrimitives.dll,dxgi.dll,win32u.dll,gdi32.dll,gdi32full.dll,msvcp_win.dll,USER32.dll,IMM32.DLL,dxcore.dll,clbcatq.dll,ApplicationFrame.dll,twinapi.appcore.dll,SHCORE.dll,UxTheme.dll,sechost.dll,OneCoreUAPCommonProxyStub.dll,MSCTF.dll,d3d11.dll,directxdatabasehelper.dll,advapi32.dll,ntmarta.dll,dcomp.dll,CoreMessaging.dll,CRYPTBASE.DLL,TWINAPI.dll,dwmapi.dll,UIAutomationCore.DLL,USERENV.dll,OLEAUT32.dll,PROPSYS.dll,d2d1.dll,SHELL32.dll,windows.staterepositorycore.dll,bcp47mrm.dll,profapi.dll,StartTileData.dll,windows.storage.dll,wintypes.dll,shlwapi.dll,SspiCli.dll,ole32.dll,CFGMGR32.dll,StructuredQuery.dll,windows.staterepositoryclient.dll,edputil.dll,VAULTCLI.dll,Windows.Graphics.dll,windowscodecs.dll,PhotoMetadataHandler.dll,Windows.UI.Xaml.dll,powrprof.dll,UMPDC.dll,textinputframework.dll,TextShaping.dll,CoreUIComponents.dll,bcrypt.dll,rometadata.dll",,,,
audiodg.exe,C:\Windows\system32\AUDIODG.EXE,svchost.exe,1,NT AUTHORITY\LOCAL SERVICE,null,,,,
Code.exe,C:\Users\student\AppData\Local\Programs\Microsoft VS Code\Code.exe,"code.exe,explorer.exe",2,USER,"Code.exe,ntdll.dll,KERNEL32.DLL,KERNELBASE.dll,apphelp.dll,OLEAUT32.dll,msvcp_win.dll,ucrtbase.dll,combase.dll,RPCRT4.dll,ffmpeg.dll,WS2_32.dll,UIAutomationCore.DLL,CRYPT32.dll,WINTRUST.dll,msvcrt.dll,dbghelp.dll,MSIMG32.dll,GDI32.dll,win32u.dll,gdi32full.dll,WINMM.dll,USER32.dll,USERENV.dll,IPHLPAPI.DLL,VERSION.dll,DWrite.dll,WINSPOOL.DRV,Secur32.dll,dhcpcsvc.DLL,WINHTTP.dll,sechost.dll,dbgcore.DLL,SSPICLI.DLL,IMM32.DLL,MSASN1.dll,bcryptPrimitives.dll,ADVAPI32.dll,CRYPTBASE.DLL,powrprof.dll,UMPDC.dll,uxtheme.dll,mswsock.dll,SHELL32.dll,shcore.dll,MSCTF.dll,Code.exe,ntdll.dll,KERNEL32.DLL,KERNELBASE.dll,apphelp.dll,OLEAUT32.dll,msvcp_win.dll,ucrtbase.dll,combase.dll,RPCRT4.dll,WS2_32.dll,CRYPT32.dll,WINTRUST.dll,msvcrt.dll,ffmpeg.dll,UIAutomationCore.DLL,dbghelp.dll,MSIMG32.dll,GDI32.dll,win32u.dll,gdi32full.dll,USER32.dll,WINMM.dll,IPHLPAPI.DLL,VERSION.dll,USERENV.dll,DWrite.dll,WINSPOOL.DRV,Secur32.dll,WINHTTP.dll,sechost.dll,dhcpcsvc.DLL,dbgcore.DLL,SSPICLI.DLL,IMM32.DLL,MSASN1.dll,bcryptPrimitives.dll,ADVAPI32.dll,CRYPTBASE.DLL,powrprof.dll,UMPDC.dll,uxtheme.dll,mswsock.dll,SHELL32.dll,shcore.dll,ole32.dll,kernel.appcore.dll,dxgi.dll,dxcore.dll,directxdatabasehelper.dll,ntmarta.dll,mf.dll,mfplat.dll,cfgmgr32.dll,RTWorkQ.DLL,msmpeg2vdec.dll,mfperfhelper.dll,dxva2.dll,msvproc.dll,D3DCompiler_47.dll,libglesv2.dll,libegl.dll,dwmapi.dll,vulkan-1.dll,vk_swiftshader.dll,MSCTF.dll,dcomp.dll,Code.exe,ntdll.dll,KERNEL32.DLL,KERNELBASE.dll,apphelp.dll,OLEAUT32.dll,msvcp_win.dll,ucrtbase.dll,combase.dll,RPCRT4.dll,WS2_32.dll,CRYPT32.dll,WINTRUST.dll,msvcrt.dll,ffmpeg.dll,UIAutomationCore.DLL,dbghelp.dll,MSIMG32.dll,GDI32.dll,win32u.dll,gdi32full.dll,USER32.dll,WINMM.dll,IPHLPAPI.DLL,VERSION.dll,USERENV.dll,DWrite.dll,WINSPOOL.DRV,Secur32.dll,WINHTTP.dll,sechost.dll,dhcpcsvc.DLL,dbgcore.DLL,SSPICLI.DLL,IMM32.DLL,MSASN1.dll,bcryptPrimitives.dll,ADVAPI32.dll,CRYPTBASE.DLL,powrprof.dll,UMPDC.dll,uxtheme.dll,mswsock.dll,SHELL32.dll,shcore.dll,kernel.appcore.dll,watcher.node,Code.exe,ntdll.dll,KERNEL32.DLL,KERNELBASE.dll,apphelp.dll,OLEAUT32.dll,msvcp_win.dll,ucrtbase.dll,combase.dll,RPCRT4.dll,WS2_32.dll,CRYPT32.dll,WINTRUST.dll,msvcrt.dll,ffmpeg.dll,UIAutomationCore.DLL,dbghelp.dll,MSIMG32.dll,GDI32.dll,win32u.dll,gdi32full.dll,USER32.dll,WINMM.dll,IPHLPAPI.DLL,VERSION.dll,USERENV.dll,DWrite.dll,WINSPOOL.DRV,Secur32.dll,WINHTTP.dll,sechost.dll,dhcpcsvc.DLL,dbgcore.DLL,SSPICLI.DLL,IMM32.DLL,MSASN1.dll,bcryptPrimitives.dll,ADVAPI32.dll,CRYPTBASE.DLL,powrprof.dll,UMPDC.dll,uxtheme.dll,mswsock.dll,SHELL32.dll,shcore.dll,kernel.appcore.dll,napinsp.dll,pnrpnsp.dll,DNSAPI.dll,NSI.dll,winrnr.dll,wshbth.dll,nlansp_c.dll,dhcpcsvc6.DLL,rasadhlp.dll,fwpuclnt.dll,Code.exe,ntdll.dll,KERNEL32.DLL,KERNELBASE.dll,apphelp.dll,OLEAUT32.dll,msvcp_win.dll,ucrtbase.dll,combase.dll,RPCRT4.dll,WS2_32.dll,CRYPT32.dll,WINTRUST.dll,msvcrt.dll,ffmpeg.dll,UIAutomationCore.DLL,dbghelp.dll,MSIMG32.dll,GDI32.dll,win32u.dll,gdi32full.dll,USER32.dll,WINMM.dll,IPHLPAPI.DLL,VERSION.dll,USERENV.dll,DWrite.dll,WINSPOOL.DRV,Secur32.dll,WINHTTP.dll,sechost.dll,dhcpcsvc.DLL,dbgcore.DLL,SSPICLI.DLL,IMM32.DLL,MSASN1.dll,bcryptPrimitives.dll,ADVAPI32.dll,CRYPTBASE.DLL,powrprof.dll,UMPDC.dll,uxtheme.dll,mswsock.dll,SHELL32.dll,shcore.dll,ntmarta.dll,kernel.appcore.dll,NSI.dll,dhcpcsvc6.DLL,DNSAPI.dll,watchdog.node,spdlog.node,napinsp.dll,pnrpnsp.dll,winrnr.dll,wshbth.dll,nlansp_c.dll,crypt32.node,rasadhlp.dll,fwpuclnt.dll,Code.exe,ntdll.dll,KERNEL32.DLL,KERNELBASE.dll,apphelp.dll,OLEAUT32.dll,msvcp_win.dll,ucrtbase.dll,combase.dll,RPCRT4.dll,WS2_32.dll,CRYPT32.dll,WINTRUST.dll,msvcrt.dll,ffmpeg.dll,UIAutomationCore.DLL,dbghelp.dll,MSIMG32.dll,GDI32.dll,win32u.dll,gdi32full.dll,USER32.dll,WINMM.dll,IPHLPAPI.DLL,VERSION.dll,USERENV.dll,DWrite.dll,WINSPOOL.DRV,Secur32.dll,WINHTTP.dll,dhcpcsvc.DLL,sechost.dll,dbgcore.DLL,SSPICLI.DLL,IMM32.DLL,MSASN1.dll,bcryptPrimitives.dll,ADVAPI32.dll,CRYPTBASE.DLL,powrprof.dll,UMPDC.dll,uxtheme.dll,mswsock.dll,SHELL32.dll,shcore.dll,ntmarta.dll,MSCTF.dll,kernel.appcore.dll,ole32.dll,COMCTL32.dll,DPAPI.dll,nlansp_c.dll,NSI.dll,dhcpcsvc6.DLL,DNSAPI.dll,clbcatq.dll,textinputframework.dll,Windows.UI.dll,windows.storage.dll,wintypes.dll,shlwapi.dll,profapi.dll,WTSAPI32.dll,WINSTA.dll,MMDevApi.dll,DEVOBJ.dll,CFGMGR32.dll,mscms.dll,bcrypt.dll,Windows.Globalization.dll,Bcp47Langs.dll,vscode-policy-watcher.node,gpapi.dll,MsSpellCheckingFacility.dll,OneCoreUAPCommonProxyStub.dll,spdlog.node,napinsp.dll,pnrpnsp.dll,winrnr.dll,wshbth.dll,dwmapi.dll,dataexchange.dll,twinapi.appcore.dll,CoreMessaging.dll,CoreUIComponents.dll,atlthunk.dll,OLEACC.dll,directmanipulation.dll,vscode-sqlite3.node,propsys.dll,policymanager.dll,msvcp110_win.dll,CreateMutex.node,iselevated.node,keymapping.node,winregistry.node,LINKINFO.dll,ntshrui.dll,srvcli.dll,cscapi.dll,TaskFlowDataEngine.dll,CRYPTSP.dll,rsaenh.dll,cryptnet.dll,keytar.node,WindowsCodecs.dll,edputil.dll,VAULTCLI.dll,NetworkExplorer.dll,TextShaping.dll,DUI70.dll,DUser.dll,StructuredQuery.dll,iertutil.dll,windows.staterepositorycore.dll,IconCodecService.dll,MPR.dll,windows.staterepositoryclient.dll,mrmcorer.dll,coml2.dll,bcp47mrm.dll,AppExtension.dll,EhStorShell.dll,SETUPAPI.dll,cscui.dll,vmhgfs.dll,VCRUNTIME140.dll,p9np.dll,drprov.dll,ntlanman.dll,davclnt.dll,thumbcache.dll,OneCoreCommonProxyStub.dll,Code.exe,ntdll.dll,KERNEL32.DLL,KERNELBASE.dll,apphelp.dll,OLEAUT32.dll,msvcp_win.dll,ucrtbase.dll,combase.dll,RPCRT4.dll,WS2_32.dll,CRYPT32.dll,WINTRUST.dll,msvcrt.dll,ffmpeg.dll,UIAutomationCore.DLL,dbghelp.dll,MSIMG32.dll,GDI32.dll,win32u.dll,gdi32full.dll,USER32.dll,WINMM.dll,IPHLPAPI.DLL,VERSION.dll,USERENV.dll,DWrite.dll,WINSPOOL.DRV,Secur32.dll,WINHTTP.dll,sechost.dll,dhcpcsvc.DLL,dbgcore.DLL,SSPICLI.DLL,IMM32.DLL,MSASN1.dll,bcryptPrimitives.dll,ADVAPI32.dll,CRYPTBASE.DLL,powrprof.dll,UMPDC.dll,uxtheme.dll,mswsock.dll,SHELL32.dll,shcore.dll,kernel.appcore.dll,spdlog.node,conpty.node,SHLWAPI.dll,windows_process_tree.node,PSAPI.DLL,Code.exe,ntdll.dll,KERNEL32.DLL,KERNELBASE.dll,apphelp.dll,OLEAUT32.dll,msvcp_win.dll,ucrtbase.dll,combase.dll,RPCRT4.dll,WS2_32.dll,CRYPT32.dll,WINTRUST.dll,msvcrt.dll,ffmpeg.dll,UIAutomationCore.DLL,dbghelp.dll,MSIMG32.dll,GDI32.dll,win32u.dll,gdi32full.dll,USER32.dll,WINMM.dll,IPHLPAPI.DLL,VERSION.dll,USERENV.dll,DWrite.dll,WINSPOOL.DRV,Secur32.dll,WINHTTP.dll,sechost.dll,dhcpcsvc.DLL,dbgcore.DLL,SSPICLI.DLL,IMM32.DLL,MSASN1.dll,bcryptPrimitives.dll,ADVAPI32.dll,CRYPTBASE.DLL,powrprof.dll,UMPDC.dll,uxtheme.dll,mswsock.dll,SHELL32.dll,shcore.dll,ntmarta.dll,nlansp_c.dll,NSI.dll,dhcpcsvc6.DLL,DNSAPI.dll,rasadhlp.dll,fwpuclnt.dll,Code.exe,ntdll.dll,KERNEL32.DLL,KERNELBASE.dll,apphelp.dll,OLEAUT32.dll,msvcp_win.dll,ucrtbase.dll,combase.dll,RPCRT4.dll,WS2_32.dll,CRYPT32.dll,WINTRUST.dll,msvcrt.dll,ffmpeg.dll,UIAutomationCore.DLL,dbghelp.dll,MSIMG32.dll,GDI32.dll,win32u.dll,gdi32full.dll,USER32.dll,WINMM.dll,IPHLPAPI.DLL,VERSION.dll,USERENV.dll,DWrite.dll,WINSPOOL.DRV,Secur32.dll,WINHTTP.dll,sechost.dll,dhcpcsvc.DLL,dbgcore.DLL,SSPICLI.DLL,IMM32.DLL,MSASN1.dll,bcryptPrimitives.dll,ADVAPI32.dll,CRYPTBASE.DLL,powrprof.dll,UMPDC.dll,uxtheme.dll,mswsock.dll,SHELL32.dll,shcore.dll,kernel.appcore.dll,WINNSI.DLL",,,,
com.docker.service,C:\Program Files\Docker\Docker\com.docker.service,services.exe,1,NT AUTHORITY\SYSTEM,"com.docker.service,ntdll.dll,MSCOREE.DLL,KERNEL32.dll,KERNELBASE.dll,ADVAPI32.dll,msvcrt.dll,sechost.dll,RPCRT4.dll,mscoreei.dll,SHLWAPI.dll,kernel.appcore.dll,VERSION.dll,clr.dll,USER32.dll,win32u.dll,GDI32.dll,gdi32full.dll,msvcp_win.dll,ucrtbase.dll,VCRUNTIME140_CLR0400.dll,ucrtbase_clr0400.dll,mscorlib.ni.dll,ole32.dll,combase.dll,bcryptPrimitives.dll,clrjit.dll,System.ni.dll,System.ServiceProcess.ni.dll,CRYPTSP.dll,rsaenh.dll,CRYPTBASE.dll,bcrypt.dll,System.Core.ni.dll,System.Configuration.ni.dll,System.Xml.ni.dll,shell32.dll,windows.storage.dll,wintypes.dll,SHCORE.dll,profapi.dll,urlmon.dll,iertutil.dll,srvcli.dll,netutils.dll,SspiCli.dll,PROPSYS.dll,virtdisk.dll,FLTLIB.DLL,OLEAUT32.dll,WINTRUST.dll,CRYPT32.dll,MSASN1.dll,mscorsecimpl.dll,COMCTL32.dll,imagehlp.dll,gpapi.dll,cryptnet.dll,IPHLPAPI.DLL,WINNSI.DLL,NSI.dll,WINHTTP.dll,WS2_32.dll,mswsock.dll,dhcpcsvc6.DLL,dhcpcsvc.DLL,webio.dll,DNSAPI.dll,rasadhlp.dll,System.Numerics.ni.dll,System.Runtime.Serialization.ni.dll,System.Data.ni.dll,System.Data.dll,netstandard.ni.dll,SMDiagnostics.ni.dll,clbcatq.dll",,,,
conhost.exe,C:\Windows\system32\conhost.exe,MULTIPLE,2,USER,"conhost.exe,ntdll.dll,KERNEL32.DLL,KERNELBASE.dll,msvcp_win.dll,ucrtbase.dll,shcore.dll,advapi32.dll,msvcrt.dll,sechost.dll,RPCRT4.dll,combase.dll,user32.dll,win32u.dll,GDI32.dll,gdi32full.dll,IMM32.DLL,kernel.appcore.dll,bcryptPrimitives.dll,clbcatq.dll,windows.staterepositorycore.dll,OpenConsoleProxy.dll,OLEAUT32.dll,,conhost.exe,ntdll.dll,KERNEL32.DLL,KERNELBASE.dll,msvcp_win.dll,ucrtbase.dll,shcore.dll,advapi32.dll,msvcrt.dll,sechost.dll,RPCRT4.dll,combase.dll,user32.dll,win32u.dll,GDI32.dll,gdi32full.dll,IMM32.DLL,uxtheme.dll,MSCTF.dll,windows.storage.dll,wintypes.dll,shlwapi.dll,ole32.dll,PROPSYS.dll,shell32.dll,LINKINFO.dll,CFGMGR32.dll,profapi.dll,apphelp.dll,TextShaping.dll,comctl32.DLL,dwmapi.dll,textinputframework.dll,CoreMessaging.dll,CoreUIComponents.dll,CRYPTBASE.DLL,edputil.dll,VAULTCLI.dll",,,,
csrss.exe,null,null,2,NT AUTHORITY\SYSTEM,null,,,,
ctfmon.exe,C:\Windows\system32\ctfmon.exe,svchost.exe,1,USER,"ctfmon.exe,ntdll.dll,KERNEL32.DLL,KERNELBASE.dll,msvcrt.dll,MsCtfMonitor.DLL,combase.dll,MSUTB.dll,ucrtbase.dll,USER32.dll,RPCRT4.dll,win32u.dll,GDI32.dll,gdi32full.dll,msvcp_win.dll,IMM32.DLL,MSCTF.dll,sechost.dll,WINSTA.dll,ole32.dll,kernel.appcore.dll,bcryptPrimitives.dll,uxtheme.dll,CoreMessaging.dll,CoreUIComponents.dll,wintypes.dll,InputService.dll,coreprivacysettingsstore.dll,TextInputMethodFormatter.dll,OLEAUT32.dll,shcore.dll,MTFServer.dll,TextInputFramework.dll,advapi32.dll,CRYPTBASE.DLL,InputLocaleManager.dll,policymanager.dll,msvcp110_win.dll,Bcp47Langs.dll,KBDUS.DLL,wtsapi32.dll,inputhost.dll,clbcatq.dll,mtf.dll,OneCoreUAPCommonProxyStub.dll,Windows.Web.dll,WordBreakers.dll",,,,
DataExchangeHost.exe,C:\Windows\System32\DataExchangeHost.exe,svchost.exe,1,USER,"DataExchangeHost.exe,ntdll.dll,KERNEL32.DLL,KERNELBASE.dll,ucrtbase.dll,combase.dll,RPCRT4.dll,shcore.dll,msvcp_win.dll,sechost.dll,user32.dll,win32u.dll,GDI32.dll,gdi32full.dll,d2d1.dll,d3d11.dll,msvcrt.dll,DWrite.dll,kernel.appcore.dll,TWINAPI.dll,dcomp.dll,dxgi.dll,IMM32.DLL,bcryptPrimitives.dll,clbcatq.dll,OneCoreUAPCommonProxyStub.dll,twinapi.appcore.dll,windows.applicationmodel.datatransfer.dll,uxtheme.dll,MSCTF.dll,dxcore.dll,directxdatabasehelper.dll,advapi32.dll,ntmarta.dll,shell32.dll,windows.storage.dll,wintypes.dll,TextShaping.dll,OLEAUT32.dll,shlwapi.dll,PROPSYS.dll,ole32.dll,CFGMGR32.dll,Windows.System.Launcher.dll,msvcp110_win.dll,windows.staterepositorycore.dll,edputil.dll,VAULTCLI.dll,thumbcache.dll,profapi.dll,comctl32.dll,WindowsCodecs.dll,windows.staterepositoryclient.dll,mrmcorer.dll,iertutil.dll,bcp47mrm.dll,Windows.UI.dll",,,,
dllhost.exe,C:\Windows\system32\DllHost.exe,"svchost.exe,services.exe",2,USER,"DllHost.exe,ntdll.dll,KERNEL32.DLL,KERNELBASE.dll,ucrtbase.dll,combase.dll,RPCRT4.dll,kernel.appcore.dll,msvcrt.dll,bcryptPrimitives.dll,clbcatq.dll,sechost.dll,user32.dll,win32u.dll,GDI32.dll,gdi32full.dll,msvcp_win.dll,IMM32.DLL,uxtheme.dll,windows.staterepositorycore.dll,WindowsTerminalShellExt.dll,shcore.dll,OLEAUT32.dll,MSVCP140.dll,VCRUNTIME140.dll,VCRUNTIME140_1.dll,OneCoreUAPCommonProxyStub.dll,windows.storage.dll,wintypes.dll,MrmCoreR.dll,windows.staterepositoryclient.dll,profapi.dll,Windows.UI.dll,bcp47mrm.dll,twinapi.appcore.dll,shlwapi.dll,PROPSYS.dll,DllHost.exe,ntdll.dll,KERNEL32.DLL,KERNELBASE.dll,ucrtbase.dll,combase.dll,RPCRT4.dll,kernel.appcore.dll,msvcrt.dll,bcryptPrimitives.dll,clbcatq.dll,sechost.dll,user32.dll,win32u.dll,GDI32.dll,gdi32full.dll,msvcp_win.dll,IMM32.DLL,uxtheme.dll,webplatstorageserver.dll,OLEAUT32.dll,advapi32.dll,iertutil.dll,windows.storage.dll,wintypes.dll,SHCORE.dll,shlwapi.dll,profapi.dll,ESENT.dll,CRYPTBASE.DLL,ole32.dll,DllHost.exe,ntdll.dll,KERNEL32.DLL,KERNELBASE.dll,ucrtbase.dll,combase.dll,RPCRT4.dll,kernel.appcore.dll,msvcrt.dll,bcryptPrimitives.dll,clbcatq.dll,sechost.dll,user32.dll,win32u.dll,GDI32.dll,gdi32full.dll,msvcp_win.dll,IMM32.DLL,uxtheme.dll,thumbcache.dll,propsys.dll,shcore.dll,WindowsCodecs.dll,COMSVCS.DLL,CRYPTSP.dll,rsaenh.dll,txflog.dll,es.dll,sxs.dll,XOLEHLP.dll,MSDTCPRX.DLL,WS2_32.dll,MTXCLU.DLL,ktmw32.dll,CLUSAPI.dll,RESUTILS.dll,bcrypt.dll,wkscli.dll,cscapi.dll,netutils.dll,sspicli.dll,mswsock.dll,DNSAPI.dll,IPHLPAPI.DLL,NSI.dll,fwpuclnt.dll,rasadhlp.dll,catsrv.dll,MfcSubs.dll,catsrvps.dll,catsrvut.dll,OneCoreCommonProxyStub.dll,CFGMGR32.dll",,,,
dwm.exe,C:\Windows\system32\dwm.exe,winlogon.exe,1,DWM-1,"dwm.exe,ntdll.dll,KERNEL32.DLL,KERNELBASE.dll,apphelp.dll,ucrtbase.dll,advapi32.dll,msvcrt.dll,sechost.dll,RPCRT4.dll,combase.dll,gdi32.dll,win32u.dll,gdi32full.dll,msvcp_win.dll,USER32.dll,dwmredir.dll,dxgi.dll,udwm.dll,OLEAUT32.dll,CoreMessaging.dll,dxcore.dll,dwmcore.dll,D3DCOMPILER_47.dll,CRYPTSP.dll,IMM32.DLL,d2d1.dll,XmlLite.dll,uxtheme.dll,dwmghost.dll,dwmapi.dll,directxdatabasehelper.dll,ntmarta.dll,kernel.appcore.dll,avrt.dll,ism.dll,WINTRUST.dll,powrprof.dll,CRYPT32.dll,cfgmgr32.dll,shcore.dll,PROPSYS.dll,bcrypt.dll,dcomp.dll,CoreUIComponents.dll,wintypes.dll,UMPDC.dll,MSASN1.dll,bcryptPrimitives.dll,CRYPTBASE.DLL,clbcatq.dll,windowmanagementapi.dll,d3d11.dll,D3D10Warp.dll,rsaenh.dll,imagehlp.dll,WindowsCodecs.dll,gpapi.dll,gameinput.dll,wuceffects.dll,Windows.Gaming.Input.dll,UIAnimation.dll,twinapi.appcore.dll,DispBroker.Desktop.dll,OneCoreUAPCommonProxyStub.dll,ActXPrxy.dll,DispBroker.dll,Windows.Graphics.dll,wtsapi32.dll,WINSTA.dll,mscms.dll,Cabinet.dll,TextShaping.dll,COMCTL32.dll",,,,
everything.exe,C:\Program Files\Everything\Everything.exe,"services.exe,explorer.exe",2,USER,"Everything.exe,ntdll.dll,KERNEL32.DLL,KERNELBASE.dll,WS2_32.dll,RPCRT4.dll,SHLWAPI.dll,msvcrt.dll,USER32.dll,win32u.dll,GDI32.dll,COMCTL32.dll,gdi32full.dll,msvcp_win.dll,ucrtbase.dll,comdlg32.dll,combase.dll,shcore.dll,SHELL32.dll,ADVAPI32.dll,sechost.dll,ole32.dll,IMM32.DLL,uxtheme.dll,urlmon.dll,iertutil.dll,srvcli.dll,netutils.dll,kernel.appcore.dll,bcryptPrimitives.dll,windows.storage.dll,wintypes.dll,OLEAUT32.dll,CFGMGR32.dll,clbcatq.dll,propsys.dll,profapi.dll,apphelp.dll,NetworkExplorer.dll,WindowsCodecs.dll,Windows.System.Launcher.dll,msvcp110_win.dll,windows.staterepositorycore.dll,MSCTF.dll",,,,
explorer.exe,C:\Windows\explorer.exe,null,2,USER,"explorer.exe,ntdll.dll,KERNEL32.DLL,KERNELBASE.dll,msvcp_win.dll,ucrtbase.dll,combase.dll,RPCRT4.dll,OLEAUT32.dll,shcore.dll,advapi32.dll,msvcrt.dll,sechost.dll,shlwapi.dll,user32.dll,win32u.dll,GDI32.dll,gdi32full.dll,SHELL32.dll,AEPIC.dll,TWINAPI.dll,USERENV.dll,powrprof.dll,windows.storage.dll,dxgi.dll,kernel.appcore.dll,PROPSYS.dll,WTSAPI32.dll,WININET.dll,UxTheme.dll,dwmapi.dll,SspiCli.dll,twinapi.appcore.dll,NETAPI32.dll,wintypes.dll,DSREG.DLL,bcryptPrimitives.dll,ntmarta.dll,UMPDC.dll,IMM32.DLL,dxcore.dll,NInput.dll,MSCTF.dll,ole32.dll,comctl32.dll,clbcatq.dll,appresolver.dll,profapi.dll,OneCoreUAPCommonProxyStub.dll,CFGMGR32.dll,apphelp.dll,NetworkExplorer.dll,StartTileData.dll,usermgrcli.dll,OneCoreCommonProxyStub.dll,Windows.StateRepositoryPS.dll,Windows.ApplicationModel.dll,AppXDeploymentClient.dll,urlmon.dll,iertutil.dll,netutils.dll,srvcli.dll,IDStore.dll,bcrypt.dll,SAMLIB.dll,wlidprov.dll,policymanager.dll,msvcp110_win.dll,Bcp47Langs.dll,windowsudk.shellcommon.dll,wkscli.dll,XmlLite.dll,WindowsCodecs.dll,windows.staterepositorycore.dll,windows.staterepositoryclient.dll,Taskbar.dll,winsta.dll,DWrite.dll,SLC.dll,d2d1.dll,SndVolSSO.DLL,MMDevAPI.DLL,DEVOBJ.dll,OLEACC.dll,CoreMessaging.dll,Windows.UI.dll,Windows.UI.Immersive.dll,dcomp.dll,dataexchange.dll,TileDataRepository.dll,StateRepository.Core.dll,Windows.StateRepository.dll,explorerframe.dll,wpnclient.dll,Windows.CloudStore.dll,SettingsHandlers_DesktopTaskbar.dll,twinui.pcshell.dll,wincorlib.DLL,windows.immersiveshell.serviceprovider.dll,twinui.appcore.dll,twinui.dll,AppExtension.dll,MrmCoreR.dll,languageoverlayutil.dll,bcp47mrm.dll,textinputframework.dll,TextShaping.dll,thumbcache.dll,edputil.dll,VAULTCLI.dll,cldapi.dll,FLTLIB.DLL,Wldp.dll,sppc.dll,CRYPTBASE.DLL,ApplicationFrame.dll,ntshrui.dll,cscapi.dll,HolographicExtensions.dll,ResourcePolicyClient.dll,EhStorShell.dll,SETUPAPI.dll,cscui.dll,AboveLockAppHost.dll,Windows.System.Launcher.dll,pfclient.dll,InputHost.dll,Windows.UI.Core.TextInput.dll,Windows.Shell.BlueLightReduction.dll,Windows.Web.dll,directxdatabasehelper.dll,mscms.dll,Windows.Internal.Signals.dll,Windows.Internal.ShellCommon.dll,TaskFlowDataEngine.dll,cdp.dll,StructuredQuery.dll,Windows.Data.Activities.dll,Windows.Security.Authentication.Web.Core.dll,Windows.Devices.Enumeration.dll,MSWB7.dll,DevDispItemProvider.dll,Windows.Internal.UI.Shell.WindowTabManager.dll,clipc.dll,NotificationControllerPS.dll,ActXPrxy.dll,Windows.Networking.Connectivity.dll,lockcontroller.dll,d3d11.dll,PCShellCommonProxyStub.dll,d3d10warp.dll,CoreUIComponents.dll,UIAnimation.dll,Windows.UI.Xaml.dll,WindowsInternal.ComposableShell.DesktopHosting.dll,WindowsInternal.ComposableShell.Experiences.Switcher.dll,TileControl.dll,TaskFlowUI.dll,WindowsInternal.ShellUI.dll,Microsoft.UI.Xaml.dll,VCRUNTIME140_1_APP.dll,VCRUNTIME140_APP.dll,MSVCP140_APP.dll,UiaManager.dll,WindowManagementAPI.dll,mssprxy.dll,Windows.UI.Xaml.Controls.dll,SyncCenter.dll,ShellCommonCommonProxyStub.dll,cryptngc.dll,daxexec.dll,container.dll,dmEnrollEngine.DLL,cflapi.dll,winbio.dll,wosc.dll,cryptsp.dll,CRYPT32.dll,npmproxy.dll,UIAutomationCore.DLL,IPHLPAPI.DLL,NSI.dll,dusmapi.dll,rmclient.dll,samcli.dll,MFPlat.DLL,RTWorkQ.DLL,stobject.dll,sxs.dll,Windows.UI.Shell.dll,LINKINFO.dll,BatMeter.dll,WMICLNT.dll,es.dll,prnfldr.dll,SwitcherDataModel.dll,ExplorerExtensions.dll,Windows.Globalization.dll,windows.media.devices.dll,atlthunk.dll,dxp.dll,SHDOCVW.dll,Actioncenter.dll,Syncreg.dll,Windows.FileExplorer.Common.dll,WINTRUST.dll,MSASN1.dll,rsaenh.dll,imagehlp.dll,gpapi.dll,AudioSes.dll,CompPkgSup.DLL,pnidui.dll,netprofm.dll,NetworkUXBroker.dll,dhcpcsvc6.DLL,dhcpcsvc.DLL,EthernetMediaManager.dll,dot3api.dll,MobileNetworking.dll,wpdshserviceobj.dll,PortableDeviceTypes.dll,PortableDeviceApi.dll,cscobj.dll,wlanapi.dll,CapabilityAccessManagerClient.dll,srchadmin.dll,windows.storage.search.dll,bthprops.cpl,InputSwitch.dll,NetworkIcon.dll,bluetoothapis.dll,imapi2.dll,Windows.Energy.dll,threadpoolwinrt.dll,directmanipulation.dll,Windows.ApplicationModel.LockScreen.dll,coml2.dll,virtdisk.dll,windows.internal.shell.broker.dll,wuceffects.dll,wscinterop.dll,WSCAPI.dll,wscui.cpl,gdiplus.dll,werconcpl.dll,framedynos.dll,DiagnosticDataSettings.dll,wer.dll,hcproviders.dll,IEProxy.dll,wevtapi.dll,icu.dll,msxml6.dll,storageusage.dll,nlmproxy.dll,Windows.Internal.Graphics.Display.DisplayEnhancementManagement.dll,pcacli.dll,MPR.dll,sfc_os.dll,ServicingCommon.dll,cryptnet.dll,WINNSI.DLL,PhotoMetadataHandler.dll,dlnashext.dll,StartMenu.dll,DUI70.dll,DUser.dll,Windows.UI.FileExplorer.dll,Windows.Graphics.dll,vmhgfs.dll,VERSION.dll,VCRUNTIME140.dll,p9np.dll,drprov.dll,ntlanman.dll,davclnt.dll,WINMM.dll,WorkFoldersShell.dll,IconCodecService.dll,rometadata.dll,ieframe.dll,WINHTTP.dll,msIso.dll,Secur32.dll,MLANG.dll,UserDataTimeUtil.dll,twext.dll,shellext.dll,7-zip.dll,smartscreenps.dll,licensemanagerapi.dll,capauthz.dll,zipfldr.dll,CHARTV.dll,Windows.Services.TargetedContent.dll,winmmbase.dll,wdmaud.drv,ksuser.dll,AVRT.dll,msacm32.drv,MSACM32.dll,midimap.dll,DesktopSwitcherDataModel.dll,tiptsf.dll,acppage.dll,sfc.dll,profext.dll,cdprt.dll,WS2_32.dll,PlayToDevice.dll,EhStorAPI.dll,mmcshext.dll,AdaptiveCards.ObjectModel.Uwp.dll,hhsetup.dll,AdaptiveCards.Rendering.Uwp.dll,ondemandconnroutehelper.dll,mswsock.dll,DNSAPI.dll,fwpuclnt.dll,rasadhlp.dll,schannel.DLL,mskeyprotect.dll,NTASN1.dll,ncrypt.dll,ncryptsslp.dll,DPAPI.DLL,webio.dll,wpnapps.dll,wslsupport.dll,execmodelproxy.dll,wpdshext.dll",,,,
fontdrvhost.exe,C:\windows\System32\fontdrvhost.exe,"winlogon.exe,wininit.exe",2,UMFD-#,"fontdrvhost.exe,ntdll.dll,KERNEL32.DLL,KERNELBASE.dll,msvcp_win.dll,ucrtbase.dll,win32u.dll,fontdrvhost.exe,ntdll.dll,KERNEL32.DLL,KERNELBASE.dll,msvcp_win.dll,ucrtbase.dll,win32u.dll",,,,
LockApp.exe,C:\Windows\SystemApps\Microsoft.LockApp_cw5n1h2txyewy\LockApp.exe,svchost.exe,1,USER,"LockApp.exe,ntdll.dll,KERNEL32.DLL,KERNELBASE.dll,combase.dll,ucrtbase.dll,RPCRT4.dll,user32.dll,win32u.dll,GDI32.dll,gdi32full.dll,msvcp_win.dll,shcore.dll,msvcrt.dll,sechost.dll,policymanager.dll,wincorlib.DLL,winbio.dll,dwmapi.dll,msvcp110_win.dll,IMM32.DLL,kernel.appcore.dll,bcryptPrimitives.dll,Windows.UI.Xaml.dll,d2d1.dll,powrprof.dll,UMPDC.dll,iertutil.dll,advapi32.dll,twinapi.appcore.dll,WinTypes.dll,windows.staterepositorycore.dll,OneCoreUAPCommonProxyStub.dll,urlmon.dll,srvcli.dll,netutils.dll,OLEAUT32.dll,uxtheme.dll,CoreMessaging.dll,dxgi.dll,dxcore.dll,directxdatabasehelper.dll,ntmarta.dll,d3d11.dll,d3d10warp.dll,dwrite.dll,TextShaping.dll,Windows.ApplicationModel.dll,MrmCoreR.dll,windows.staterepositoryclient.dll,profapi.dll,Windows.UI.dll,languageoverlayutil.dll,bcp47mrm.dll,Windows.Globalization.dll,Bcp47Langs.dll,CoreUIComponents.dll,RMCLIENT.dll,InputHost.dll,CRYPTBASE.DLL,MSCTF.dll,UiaManager.dll,WindowManagementAPI.dll,windows.ui.core.textinput.dll,TextInputFramework.dll,Windows.UI.Immersive.dll,DataExchange.dll,lockappbroker.dll,shlwapi.dll,ole32.dll,SHELL32.dll,dcomp.dll,Windows.UI.Xaml.Controls.dll,ContentDeliveryManager.Utilities.dll,slc.dll,threadpoolwinrt.dll,windows.internal.shell.broker.dll,ShellCommonCommonProxyStub.dll,OneCoreCommonProxyStub.dll,Windows.ApplicationModel.LockScreen.dll,Windows.Services.TargetedContent.dll,SspiCli.dll,Windows.Graphics.dll,directmanipulation.dll,bcrypt.dll,USERENV.dll,profext.dll,Windows.Storage.ApplicationData.dll,MtcModel.dll,NInput.dll,UIAnimation.dll,Windows.Shell.ServiceHostBuilder.dll,execmodelproxy.dll",,,,
lsaiso.exe,C:\Windows\system32\lsaiso.exe,wininit.exe,1,NT AUTHORITY\SYSTEM,null,,,,
lsass.exe,C:\Windows\system32\lsass.exe,wininit.exe,1,NT AUTHORITY\SYSTEM,"lsass.exe,ntdll.dll,KERNEL32.DLL,KERNELBASE.dll,RPCRT4.dll,lsasrv.dll,ucrtbase.dll,msvcp_win.dll,LSAADT.dll,sechost.dll,samsrv.dll,CRYPT32.dll,bcrypt.dll,ncrypt.dll,NTASN1.dll,Wldp.dll,msvcrt.dll,bcryptprimitives.dll,msprivs.DLL,netprovfw.dll,JOINUTIL.DLL,MSASN1.dll,negoexts.DLL,CRYPTSP.dll,CRYPTBASE.dll,kerberos.DLL,USERENV.dll,KerbClientShared.dll,WS2_32.dll,gpapi.dll,cryptdll.dll,mswsock.dll,msv1_0.DLL,NtlmShared.dll,netlogon.DLL,gmsaclient.dll,tspkg.DLL,advapi32.dll,SspiCli.dll,pku2u.DLL,cloudAP.DLL,profapi.dll,aadcloudap.dll,combase.dll,ntmarta.dll,kernel.appcore.dll,MicrosoftAccountCloudAP.dll,DPAPI.DLL,rsaenh.dll,wdigest.DLL,schannel.DLL,efslsaext.dll,dpapisrv.dll,SspiSrv.dll,KDCPW.DLL,scecli.DLL,DNSAPI.dll,IPHLPAPI.DLL,NSI.dll,winsta.dll,netutils.dll,wevtapi.dll,shcore.dll,ncryptsslp.dll,ncryptprov.dll,dssenh.dll,mskeyprotect.dll,keyiso.dll,AUTHZ.dll,ngcpopkeysrv.dll,PCPKsp.dll,tbs.dll,wtsapi32.dll,SecureTimeAggregator.dll,cryptnet.dll,vaultsvc.dll,clbcatq.dll,user32.dll,win32u.dll,GDI32.dll,gdi32full.dll,MPR.dll,secur32.dll,logoncli.dll,DSPARSE.dll,cryptngc.dll,certpoleng.dll,wkscli.dll,WLDAP32.dll",,,,
Memory Compression,null,System,1,NT AUTHORITY\SYSTEM,null,,,,
MpCopyAccelerator.exe,null,MsMpEng.exe,1,NT AUTHORITY\SYSTEM,,,,,
msdtc.exe,C:\Windows\System32\msdtc.exe,services.exe,1,NT AUTHORITY\NETWORK SERVICE,"msdtc.exe,ntdll.dll,KERNEL32.DLL,KERNELBASE.dll,combase.dll,ucrtbase.dll,RPCRT4.dll,msvcrt.dll,MSDTCTM.dll,OLEAUT32.dll,msvcp_win.dll,sechost.dll,ole32.dll,GDI32.dll,win32u.dll,gdi32full.dll,USER32.dll,WS2_32.dll,ADVAPI32.dll,MSDTCPRX.dll,SHLWAPI.dll,MSDTCLOG.dll,MTXCLU.DLL,WINMM.dll,CLUSAPI.dll,bcrypt.dll,XOLEHLP.dll,MSWSOCK.dll,DNSAPI.dll,ktmw32.dll,RESUTILS.dll,CRYPTSP.dll,IPHLPAPI.DLL,NSI.dll,kernel.appcore.dll,bcryptPrimitives.dll,COMRES.DLL,msdtcVSp1res.dll,mtxoci.dll,wkscli.dll,cscapi.dll,netutils.dll,sspicli.dll,ntmarta.dll,clbcatq.dll,FirewallAPI.dll,fwbase.dll,FWPolicyIOMgr.dll",,,,
msedge.exe,C:\Program Files (x86)\Microsoft\Edge\Application\msedge.exe,msedge.exe,2,USER,"msedge.exe,ntdll.dll,KERNEL32.DLL,KERNELBASE.dll,msedge_elf.dll,advapi32.dll,msvcrt.dll,sechost.dll,RPCRT4.dll,CRYPTBASE.DLL,bcryptPrimitives.dll,USER32.dll,win32u.dll,GDI32.dll,gdi32full.dll,msvcp_win.dll,ucrtbase.dll,IMM32.DLL,uxtheme.dll,combase.dll,MSCTF.dll,msedge.exe,ntdll.dll,KERNEL32.DLL,KERNELBASE.dll,msedge_elf.dll,advapi32.dll,msvcrt.dll,sechost.dll,RPCRT4.dll,CRYPTBASE.DLL,bcryptPrimitives.dll,msedge.dll,OLEAUT32.dll,msvcp_win.dll,ucrtbase.dll,combase.dll,WINMM.dll,bcrypt.dll,crypt32.dll,dbghelp.dll,dhcpcsvc.dll,ffmpeg.dll,iphlpapi.dll,ncrypt.dll,NTASN1.dll,secur32.dll,uiautomationcore.dll,USERENV.dll,version.dll,winhttp.dll,winspool.drv,wintrust.dll,MSASN1.dll,ws2_32.dll,msedge.exe,ntdll.dll,KERNEL32.DLL,KERNELBASE.dll,msedge_elf.dll,advapi32.dll,msvcrt.dll,sechost.dll,RPCRT4.dll,CRYPTBASE.DLL,bcryptPrimitives.dll,msedge.dll,OLEAUT32.dll,msvcp_win.dll,ucrtbase.dll,combase.dll,WINMM.dll,USER32.dll,win32u.dll,GDI32.dll,gdi32full.dll,IMM32.DLL,bcrypt.dll,crypt32.dll,dbghelp.dll,dhcpcsvc.dll,ffmpeg.dll,iphlpapi.dll,ncrypt.dll,NTASN1.dll,secur32.dll,uiautomationcore.dll,USERENV.dll,version.dll,winhttp.dll,winspool.drv,wintrust.dll,MSASN1.dll,ws2_32.dll,NSI.dll,nlansp_c.dll,dhcpcsvc6.DLL,DNSAPI.dll,mswsock.dll,rasadhlp.dll,ntmarta.dll,ncryptprov.dll,msedge.exe,ntdll.dll,KERNEL32.DLL,KERNELBASE.dll,msedge_elf.dll,advapi32.dll,msvcrt.dll,sechost.dll,RPCRT4.dll,CRYPTBASE.DLL,bcryptPrimitives.dll,msedge.dll,OLEAUT32.dll,msvcp_win.dll,ucrtbase.dll,combase.dll,WINMM.dll,USER32.dll,win32u.dll,GDI32.dll,gdi32full.dll,IMM32.DLL,bcrypt.dll,crypt32.dll,dbghelp.dll,dhcpcsvc.dll,ffmpeg.dll,iphlpapi.dll,ncrypt.dll,NTASN1.dll,secur32.dll,uiautomationcore.dll,USERENV.dll,version.dll,winhttp.dll,winspool.drv,wintrust.dll,MSASN1.dll,ws2_32.dll,ole32.dll,kernel.appcore.dll,uxtheme.dll,dxgi.dll,dxcore.dll,directxdatabasehelper.dll,ntmarta.dll,mf.dll,mfplat.dll,shcore.dll,cfgmgr32.dll,RTWorkQ.DLL,msmpeg2vdec.dll,mfperfhelper.dll,dxva2.dll,msvproc.dll,windows.staterepositorycore.dll,DolbyDecMFT.dll,D3DCompiler_47.dll,libglesv2.dll,libegl.dll,dwmapi.dll,vulkan-1.dll,vk_swiftshader.dll,MSCTF.dll,msedge.exe,ntdll.dll,KERNEL32.DLL,KERNELBASE.dll,msedge_elf.dll,advapi32.dll,msvcrt.dll,sechost.dll,RPCRT4.dll,CRYPTBASE.DLL,bcryptPrimitives.dll,version.dll,ntmarta.dll,ucrtbase.dll,combase.dll,ole32.dll,msvcp_win.dll,GDI32.dll,win32u.dll,gdi32full.dll,USER32.dll,IMM32.DLL,kernel.appcore.dll,uxtheme.dll,clbcatq.dll,msedge.dll,OLEAUT32.dll,WINMM.dll,Windows.System.Profile.PlatformDiagnosticsAndUsageDataSettings.dll,DiagnosticDataSettings.dll,twinapi.appcore.dll,USERENV.dll,gpapi.dll,SHLWAPI.dll,shcore.dll,wkscli.dll,netutils.dll,bcrypt.dll,crypt32.dll,dbghelp.dll,dhcpcsvc.dll,ffmpeg.dll,iphlpapi.dll,ncrypt.dll,NTASN1.dll,secur32.dll,uiautomationcore.dll,winhttp.dll,winspool.drv,wintrust.dll,MSASN1.dll,ws2_32.dll,MSCTF.dll,powrprof.dll,UMPDC.dll,dwrite.dll,COMCTL32.dll,DPAPI.dll,nlansp_c.dll,NSI.dll,dhcpcsvc6.DLL,DNSAPI.dll,netprofm.dll,npmproxy.dll,textinputframework.dll,SHELL32.dll,windows.storage.dll,wintypes.dll,Windows.UI.dll,profapi.dll,SETUPAPI.dll,DEVOBJ.dll,cfgmgr32.dll,WTSAPI32.dll,WINSTA.dll,Windows.System.Launcher.dll,msvcp110_win.dll,windows.staterepositorycore.dll,mscms.dll,usermgrcli.dll,Windows.Security.Authentication.Web.Core.dll,OneCoreCommonProxyStub.dll,iertutil.dll,PROPSYS.dll,LINKINFO.dll,libsmartscreenn.dll,NETAPI32.dll,TenantRestrictionsPlugin.dll,Windows.Web.dll,SspiCli.dll,mswsock.dll,wlanapi.dll,MobileNetworking.dll,FirewallAPI.dll,fwbase.dll,FWPolicyIOMgr.dll,windows.staterepositoryclient.dll,capauthz.dll,apphelp.dll,AppExtension.dll,CRYPTSP.dll,rsaenh.dll,cryptnet.dll,wevtapi.dll,Windows.System.UserProfile.DiagnosticsSettings.dll,telclient.dll,oneds.dll,Windows.Networking.Connectivity.dll,sxs.dll,nlmproxy.dll,BitsProxy.dll,IrisService.dll,dxcore.dll,Windows.Security.Authentication.OnlineId.dll,execmodelclient.dll,execmodelproxy.dll,vaultcli.dll,aadWamExtension.dll",,,,
msedgewebview2.exe,MULTIPLE,"msedgewebview2.exe,Widgets.exe",2,HOST,"msedgewebview2.exe,ntdll.dll,KERNEL32.DLL,KERNELBASE.dll,msedge_elf.dll,advapi32.dll,msvcrt.dll,sechost.dll,RPCRT4.dll,CRYPTBASE.DLL,bcryptPrimitives.dll,msedge.dll,OLEAUT32.dll,msvcp_win.dll,ucrtbase.dll,combase.dll,WINMM.dll,USER32.dll,win32u.dll,GDI32.dll,gdi32full.dll,IMM32.DLL,bcrypt.dll,crypt32.dll,dbghelp.dll,dhcpcsvc.dll,ffmpeg.dll,iphlpapi.dll,ncrypt.dll,NTASN1.dll,secur32.dll,uiautomationcore.dll,USERENV.dll,version.dll,winhttp.dll,winspool.drv,wintrust.dll,MSASN1.dll,ws2_32.dll,ole32.dll,kernel.appcore.dll,uxtheme.dll,dxgi.dll,dxcore.dll,directxdatabasehelper.dll,ntmarta.dll,mf.dll,mfplat.dll,shcore.dll,cfgmgr32.dll,RTWorkQ.DLL,msmpeg2vdec.dll,mfperfhelper.dll,dxva2.dll,msvproc.dll,windows.staterepositorycore.dll,DolbyDecMFT.dll,D3DCompiler_47.dll,libglesv2.dll,libegl.dll,dwmapi.dll,vulkan-1.dll,vk_swiftshader.dll,MSCTF.dll,d3d11.dll,d3d10warp.dll,CoreMessaging.dll,clbcatq.dll,dcomp.dll,msedgewebview2.exe,ntdll.dll,KERNEL32.DLL,KERNELBASE.dll,msedge_elf.dll,advapi32.dll,msvcrt.dll,sechost.dll,RPCRT4.dll,CRYPTBASE.DLL,bcryptPrimitives.dll,msedge.dll,OLEAUT32.dll,msvcp_win.dll,ucrtbase.dll,combase.dll,WINMM.dll,USER32.dll,win32u.dll,GDI32.dll,gdi32full.dll,IMM32.DLL,bcrypt.dll,crypt32.dll,dbghelp.dll,dhcpcsvc.dll,ffmpeg.dll,iphlpapi.dll,ncrypt.dll,NTASN1.dll,secur32.dll,uiautomationcore.dll,USERENV.dll,version.dll,winhttp.dll,winspool.drv,wintrust.dll,MSASN1.dll,ws2_32.dll,nlansp_c.dll,NSI.dll,dhcpcsvc6.DLL,DNSAPI.dll,mswsock.dll,rasadhlp.dll,ntmarta.dll,ncryptprov.dll,msedgewebview2.exe,ntdll.dll,KERNEL32.DLL,KERNELBASE.dll,msedge_elf.dll,advapi32.dll,msvcrt.dll,sechost.dll,RPCRT4.dll,CRYPTBASE.DLL,bcryptPrimitives.dll,msedge.dll,OLEAUT32.dll,msvcp_win.dll,ucrtbase.dll,combase.dll,WINMM.dll,bcrypt.dll,crypt32.dll,dbghelp.dll,dhcpcsvc.dll,ffmpeg.dll,iphlpapi.dll,ncrypt.dll,NTASN1.dll,secur32.dll,uiautomationcore.dll,USERENV.dll,version.dll,winhttp.dll,winspool.drv,wintrust.dll,MSASN1.dll,ws2_32.dll,msedgewebview2.exe,ntdll.dll,KERNEL32.DLL,KERNELBASE.dll,msedge_elf.dll,advapi32.dll,msvcrt.dll,sechost.dll,RPCRT4.dll,CRYPTBASE.DLL,bcryptPrimitives.dll,msedge.dll,OLEAUT32.dll,msvcp_win.dll,ucrtbase.dll,combase.dll,WINMM.dll,bcrypt.dll,crypt32.dll,dbghelp.dll,dhcpcsvc.dll,ffmpeg.dll,iphlpapi.dll,ncrypt.dll,NTASN1.dll,secur32.dll,uiautomationcore.dll,USERENV.dll,version.dll,winhttp.dll,winspool.drv,wintrust.dll,MSASN1.dll,ws2_32.dll,dwrite.dll,msedgewebview2.exe,ntdll.dll,KERNEL32.DLL,KERNELBASE.dll,msedge_elf.dll,advapi32.dll,msvcrt.dll,sechost.dll,RPCRT4.dll,CRYPTBASE.DLL,bcryptPrimitives.dll,version.dll,ntmarta.dll,ucrtbase.dll,windows.staterepositoryclient.dll,combase.dll,windows.staterepositorycore.dll,kernel.appcore.dll,ole32.dll,msvcp_win.dll,GDI32.dll,win32u.dll,gdi32full.dll,USER32.dll,IMM32.DLL,capauthz.dll,uxtheme.dll,clbcatq.dll,msedge.dll,OLEAUT32.dll,WINMM.dll,Windows.System.Profile.PlatformDiagnosticsAndUsageDataSettings.dll,DiagnosticDataSettings.dll,twinapi.appcore.dll,USERENV.dll,gpapi.dll,SHLWAPI.dll,shcore.dll,wkscli.dll,netutils.dll,bcrypt.dll,crypt32.dll,dbghelp.dll,dhcpcsvc.dll,ffmpeg.dll,iphlpapi.dll,ncrypt.dll,NTASN1.dll,secur32.dll,uiautomationcore.dll,winhttp.dll,winspool.drv,wintrust.dll,MSASN1.dll,ws2_32.dll,MSCTF.dll,powrprof.dll,UMPDC.dll,dwrite.dll,COMCTL32.dll,DPAPI.dll,nlansp_c.dll,NSI.dll,dhcpcsvc6.DLL,DNSAPI.dll,textinputframework.dll,SHELL32.dll,windows.storage.dll,wintypes.dll,Windows.UI.dll,profapi.dll,SETUPAPI.dll,WTSAPI32.dll,WINSTA.dll,DEVOBJ.dll,cfgmgr32.dll,mscms.dll,Windows.Security.Authentication.Web.Core.dll,OneCoreCommonProxyStub.dll,iertutil.dll,PROPSYS.dll,dwmapi.dll,dataexchange.dll,dcomp.dll,libsmartscreenn.dll,NETAPI32.dll,Windows.Media.dll,atlthunk.dll,OLEACC.dll,directmanipulation.dll,wofutil.dll,CRYPTSP.dll,rsaenh.dll,cryptnet.dll,vaultcli.dll,Windows.Web.dll,Windows.StateRepositoryPS.dll,TenantRestrictionsPlugin.dll,netprofm.dll,npmproxy.dll,Windows.System.UserProfile.DiagnosticsSettings.dll,telclient.dll,oneds.dll,Windows.Networking.Connectivity.dll,Windows.System.Diagnostics.Telemetry.PlatformTelemetryClient.dll,usermgrproxy.dll,usermgrcli.dll,BitsProxy.dll,wevtapi.dll,SSPICLI.DLL,sxs.dll,msedgewebview2.exe,ntdll.dll,KERNEL32.DLL,KERNELBASE.dll,msedge_elf.dll,advapi32.dll,msvcrt.dll,sechost.dll,RPCRT4.dll,CRYPTBASE.DLL,bcryptPrimitives.dll,USER32.dll,win32u.dll,GDI32.dll,gdi32full.dll,msvcp_win.dll,ucrtbase.dll,IMM32.DLL,uxtheme.dll,combase.dll,MSCTF.dll,aadWamExtension.dll,fwpuclnt.dll,WINNSI.DLL",,,,
MsMpEng.exe,C:\ProgramData\,services.exe,1,NT AUTHORITY\SYSTEM,null,,,,
NisSrv.exe,null,services.exe,1,NT AUTHORITY\LOCAL SERVICE,null,,,,
powershell.exe,C:\Windows\System32\WindowsPowerShell\v1.0\powershell.exe,MULTIPLE,2,USER,"powershell.exe,ntdll.dll,wow64.dll,wow64base.dll,wow64win.dll,wow64con.dll,wow64cpu.dll,KERNEL32.DLL,msvcrt.dll,OLEAUT32.dll,msvcp_win.dll,ucrtbase.dll,combase.dll,RPCRT4.dll,ADVAPI32.dll,sechost.dll,OLE32.dll,GDI32.dll,win32u.dll,gdi32full.dll,USER32.dll,ATL.DLL,mscoree.dll,IMM32.DLL,kernel.appcore.dll,bcryptPrimitives.dll,KERNELBASE.dll,uxtheme.dll,clbcatq.dll,windows.storage.dll,wintypes.dll,appresolver.dll,SHCORE.dll,SHLWAPI.dll,USERENV.dll,PROPSYS.dll,shell32.dll,LINKINFO.dll,CFGMGR32.dll,Bcp47Langs.dll,profapi.dll,ntshrui.dll,SspiCli.dll,srvcli.dll,cscapi.dll,apphelp.dll,NetworkExplorer.dll,policymanager.dll,msvcp110_win.dll,bcrypt.dll,ntmarta.dll,KERNELBASE.dll,uxtheme.dll,clbcatq.dll,windows.storage.dll,wintypes.dll,appresolver.dll,SHCORE.dll,SHLWAPI.dll,USERENV.dll,PROPSYS.dll,shell32.dll,LINKINFO.dll,Bcp47Langs.dll,profapi.dll,CFGMGR32.dll,ntshrui.dll,SspiCli.dll,srvcli.dll,cscapi.dll,apphelp.dll,NetworkExplorer.dll,policymanager.dll,msvcp110_win.dll,bcrypt.dll,ntmarta.dll,TaskFlowDataEngine.dll,OneCoreCommonProxyStub.dll,mscoreei.dll,VERSION.dll,clr.dll,VCRUNTIME140_CLR0400.dll,ucrtbase_clr0400.dll,mscorlib.ni.dll,System.ni.dll,System.Core.ni.dll,Microsoft.PowerShell.ConsoleHost.ni.dll,CRYPTSP.dll,rsaenh.dll,CRYPTBASE.dll,System.Management.Automation.ni.dll,wintrust.dll,CRYPT32.dll,MSASN1.dll,psapi.dll,amsi.dll,MpOav.dll,Microsoft.Management.Infrastructure.ni.dll,System.Management.ni.dll,System.DirectoryServices.ni.dll,System.Xml.ni.dll,System.Numerics.ni.dll,wldp.dll,gpapi.dll,System.Data.ni.dll,System.Data.dll,WS2_32.dll,System.Configuration.ni.dll,clrjit.dll,Microsoft.PowerShell.Security.ni.dll,System.Transactions.ni.dll,System.Transactions.dll,secur32.dll,MPCLIENT.DLL,urlmon.dll,iertutil.dll,netutils.dll,virtdisk.dll,FLTLIB.DLL,Microsoft.PowerShell.Commands.Management.ni.dll,System.Configuration.Install.ni.dll,diasymreader.dll,Microsoft.PowerShell.Commands.Utility.ni.dll,Microsoft.Management.Infrastructure.CimCmdlets.ni.dll,Microsoft.Management.Infrastructure.Native.ni.dll,Microsoft.Management.Infrastructure.Native.Unmanaged.DLL,mi.dll,miutils.dll,wmidcom.dll,DPAPI.DLL,wbemprox.dll,wbemcomn.dll,wbemsvc.dll,fastprox.dll,wmiutils.dll,System.Web.ni.dll,webengine4.dll,iphlpapi.dll,DNSAPI.dll,NSI.dll,dhcpcsvc6.DLL,dhcpcsvc.DLL,WINNSI.DLL,rasapi32.dll,prxyqry.DLL,rtutils.dll,mswsock.dll,RASMAN.DLL,winhttp.dll,rasadhlp.dll,fwpuclnt.dll,schannel.DLL,mskeyprotect.dll,NTASN1.dll,ncrypt.dll,ncryptsslp.dll",,,,
pwsh.exe,C:\Program Files\PowerShell\7\pwsh.exe,"explorer.exe,code.exe",2,USER,"pwsh.exe,ntdll.dll,KERNEL32.DLL,KERNELBASE.dll,USER32.dll,win32u.dll,GDI32.dll,gdi32full.dll,msvcp_win.dll,ucrtbase.dll,SHELL32.dll,ADVAPI32.dll,msvcrt.dll,sechost.dll,RPCRT4.dll,IMM32.DLL,hostfxr.dll,hostpolicy.dll,coreclr.dll,ole32.dll,combase.dll,OLEAUT32.dll,bcryptPrimitives.dll,System.Private.CoreLib.dll,clrjit.dll,kernel.appcore.dll,pwsh.dll,System.Runtime.dll,Microsoft.PowerShell.ConsoleHost.dll,System.Management.Automation.dll,BCrypt.dll,System.Runtime.InteropServices.dll,System.Threading.Thread.dll,System.Threading.dll,icu.dll,System.Text.RegularExpressions.dll,System.Diagnostics.Process.dll,System.Collections.dll,System.Collections.Concurrent.dll,System.Xml.ReaderWriter.dll,System.Private.Xml.dll,System.Memory.dll,System.Text.Encoding.Extensions.dll,System.Management.dll,System.ComponentModel.Primitives.dll,Microsoft.Win32.Registry.dll,System.Linq.Expressions.dll,System.DirectoryServices.dll,Newtonsoft.Json.dll,System.Net.Primitives.dll,netstandard.dll,System.Runtime.Numerics.dll,System.Security.Cryptography.X509Certificates.dll,System.Security.Cryptography.Encoding.dll,System.Security.Cryptography.Primitives.dll,System.Net.NetworkInformation.dll,System.Net.Mail.dll,System.ComponentModel.TypeConverter.dll,Microsoft.Management.Infrastructure.dll,System.ObjectModel.dll,System.Private.Uri.dll,System.Security.AccessControl.dll,windows.storage.dll,wintypes.dll,SHCORE.dll,shlwapi.dll,System.Runtime.Serialization.Formatters.dll,System.Runtime.InteropServices.RuntimeInformation.dll,System.Diagnostics.TraceSource.dll,amsi.dll,System.Linq.dll,USERENV.dll,profapi.dll,MpOav.dll,version.dll,System.Runtime.Serialization.Primitives.dll,System.Data.Common.dll,System.ComponentModel.dll,System.Reflection.Emit.ILGeneration.dll,System.Reflection.Emit.Lightweight.dll,System.Reflection.Primitives.dll,Microsoft.PowerShell.CoreCLR.Eventing.dll,Microsoft.Win32.Primitives.dll,wldp.dll,WINTRUST.dll,CRYPT32.dll,MSASN1.dll,CRYPTSP.dll,rsaenh.dll,CRYPTBASE.dll,System.Console.dll,System.Security.Principal.Windows.dll,System.Security.Claims.dll,uxtheme.dll,clbcatq.dll,Microsoft.ApplicationInsights.dll,appresolver.dll,System.Diagnostics.DiagnosticSource.dll,System.Diagnostics.Tracing.dll,System.IO.MemoryMappedFiles.dll,PROPSYS.dll,LINKINFO.dll,System.Private.Xml.Linq.dll,CFGMGR32.dll,Bcp47Langs.dll,System.IO.Pipes.dll,System.Collections.Specialized.dll,Microsoft.PowerShell.Security.dll,apphelp.dll,System.Threading.Tasks.Parallel.dll,System.IO.FileSystem.DriveInfo.dll,NetworkExplorer.dll,System.Xml.XDocument.dll,ntshrui.dll,SspiCli.dll,srvcli.dll,System.Collections.NonGeneric.dll,System.IO.FileSystem.AccessControl.dll,System.Text.Encoding.CodePages.dll,System.Security.Permissions.dll,System.Threading.Overlapped.dll,System.Runtime.Loader.dll,System.Threading.ThreadPool.dll,secur32.dll,mpr.dll,cscapi.dll,MPCLIENT.DLL,policymanager.dll,msvcp110_win.dll,gpapi.dll,ntmarta.dll,TaskFlowDataEngine.dll,OneCoreCommonProxyStub.dll,coml2.dll,cryptnet.dll,IPHLPAPI.DLL,WINNSI.DLL,NSI.dll,Microsoft.PowerShell.PSReadLine2.dll,mscorlib.dll,Microsoft.PowerShell.Commands.Management.dll,System.dll,System.Core.dll,DNSAPI.dll,dhcpcsvc6.DLL,dhcpcsvc.DLL,System.Diagnostics.FileVersionInfo.dll,Microsoft.PowerShell.Commands.Utility.dll,Microsoft.PowerShell.MarkdownRender.dll,System.Net.Http.dll,System.Diagnostics.StackTrace.dll,System.IO.Compression.dll,System.IO.Compression.Native.dll,System.Net.Security.dll,winhttp.dll,WS2_32.dll,System.Net.Sockets.dll,mswsock.dll,wshunix.dll,System.Net.NameResolution.dll,ucrtbase.dll,nlansp_c.dll,wshbth.dll,DEVOBJ.dll,winrnr.dll,rasadhlp.dll,pnrpnsp.dll,napinsp.dll,fwpuclnt.dll,schannel.DLL,mskeyprotect.dll,NTASN1.dll,ncrypt.dll,ncryptsslp.dll,Microsoft.DiaSymReader.Native.amd64.dll,System.Reflection.Metadata.dll,System.Collections.Immutable.dll,Microsoft.Management.Infrastructure.CimCmdlets.dll,System.Threading.Tasks.dll,Microsoft.Management.Infrastructure.Native.dll,System.Runtime.Handles.dll,System.Runtime.CompilerServices.VisualC.dll,Microsoft.Management.Infrastructure.Native.Unmanaged.DLL,mi.dll,miutils.dll,DPAPI.DLL,wmidcom.dll,wbemprox.dll,wbemcomn.dll,wbemsvc.dll,fastprox.dll,System.Globalization.dll,System.Resources.ResourceManager.dll,System.Reflection.dll,Microsoft.Management.Infrastructure.Resources.dll,Microsoft.CSharp.dll,pwsh.exe,ntdll.dll,KERNEL32.DLL,KERNELBASE.dll,USER32.dll,win32u.dll,GDI32.dll,gdi32full.dll,msvcp_win.dll,ucrtbase.dll,SHELL32.dll,ADVAPI32.dll,msvcrt.dll,sechost.dll,RPCRT4.dll,IMM32.DLL,hostfxr.dll,hostpolicy.dll,coreclr.dll,ole32.dll,combase.dll,OLEAUT32.dll,bcryptPrimitives.dll,System.Private.CoreLib.dll,clrjit.dll,pwsh.dll,System.Runtime.dll,kernel.appcore.dll,Microsoft.PowerShell.ConsoleHost.dll,System.Management.Automation.dll,BCrypt.dll,icu.dll,System.Threading.Thread.dll,System.Runtime.InteropServices.dll,System.Threading.dll,System.Text.RegularExpressions.dll,System.Collections.Concurrent.dll,System.Collections.dll,System.Management.dll,System.Memory.dll,System.Diagnostics.Process.dll,System.Xml.ReaderWriter.dll,System.Private.Xml.dll,System.Linq.Expressions.dll,Microsoft.Win32.Registry.dll,System.ComponentModel.Primitives.dll,System.Text.Encoding.Extensions.dll,System.Runtime.InteropServices.RuntimeInformation.dll,amsi.dll,USERENV.dll,profapi.dll,MpOav.dll,version.dll,Newtonsoft.Json.dll,netstandard.dll,System.DirectoryServices.dll,System.Net.Primitives.dll,System.Runtime.Numerics.dll,System.Security.Cryptography.X509Certificates.dll,System.ComponentModel.TypeConverter.dll,System.Security.Cryptography.Encoding.dll,System.Security.Cryptography.Primitives.dll,System.Net.NetworkInformation.dll,System.ObjectModel.dll,System.Net.Mail.dll,windows.storage.dll,wintypes.dll,SHCORE.dll,shlwapi.dll,Microsoft.Management.Infrastructure.dll,System.Private.Uri.dll,System.Runtime.Serialization.Formatters.dll,System.Security.AccessControl.dll,System.Diagnostics.TraceSource.dll,System.Linq.dll,System.Runtime.Serialization.Primitives.dll,System.Data.Common.dll,System.ComponentModel.dll,System.Reflection.Emit.ILGeneration.dll,System.Reflection.Emit.Lightweight.dll,System.Reflection.Primitives.dll,Microsoft.PowerShell.CoreCLR.Eventing.dll,Microsoft.Win32.Primitives.dll,wldp.dll,WINTRUST.dll,CRYPT32.dll,MSASN1.dll,CRYPTSP.dll,rsaenh.dll,CRYPTBASE.dll,System.Console.dll,System.Security.Principal.Windows.dll,System.Security.Claims.dll,uxtheme.dll,Microsoft.ApplicationInsights.dll,System.Diagnostics.DiagnosticSource.dll,System.Diagnostics.Tracing.dll,System.IO.MemoryMappedFiles.dll,System.Private.Xml.Linq.dll,System.IO.Pipes.dll,System.Collections.Specialized.dll,System.Xml.XDocument.dll,Microsoft.PowerShell.Security.dll,System.Threading.Tasks.Parallel.dll,System.Threading.Overlapped.dll,System.Collections.NonGeneric.dll,System.Runtime.Loader.dll,System.IO.FileSystem.AccessControl.dll,System.IO.FileSystem.DriveInfo.dll,System.Text.Encoding.CodePages.dll,System.Threading.ThreadPool.dll,secur32.dll,SSPICLI.DLL,mpr.dll,MPCLIENT.DLL,gpapi.dll,Microsoft.PowerShell.EditorServices.Hosting.dll,Microsoft.PowerShell.Commands.Diagnostics.dll,Microsoft.PowerShell.Commands.Utility.dll,Microsoft.PowerShell.MarkdownRender.dll,System.Net.Http.dll,Microsoft.PowerShell.Commands.Management.dll,Microsoft.WSMan.Management.dll,Microsoft.WSMan.Runtime.dll,Microsoft.PowerShell.EditorServices.dll,Microsoft.Extensions.Logging.dll,Microsoft.Extensions.Logging.Abstractions.dll,Serilog.dll,Serilog.Sinks.Async.dll,Serilog.Extensions.Logging.dll,Serilog.Sinks.File.dll,Microsoft.Extensions.Options.dll,OmniSharp.Extensions.LanguageServer.dll,OmniSharp.Extensions.JsonRpc.dll,MediatR.dll,OmniSharp.Extensions.LanguageProtocol.dll,System.Collections.Immutable.dll,Microsoft.Extensions.Configuration.dll,Microsoft.Extensions.Configuration.Abstractions.dll,System.Reactive.dll,Microsoft.Extensions.DependencyInjection.Abstractions.dll,Nerdbank.Streams.dll,System.IO.Pipelines.dll,System.Threading.Tasks.Extensions.dll,Microsoft.VisualStudio.Validation.dll,Microsoft.VisualStudio.Threading.dll,System.Buffers.dll,System.Diagnostics.StackTrace.dll,OmniSharp.Extensions.LanguageServer.Shared.dll,Microsoft.Extensions.Primitives.dll,System.Threading.Channels.dll,coml2.dll,cryptnet.dll,IPHLPAPI.DLL,WINNSI.DLL,NSI.dll,Microsoft.PowerShell.PSReadLine2.dll,mscorlib.dll,System.dll,System.Core.dll,Microsoft.PowerShell.PSReadLine.Polyfiller.dll,System.Security.Permissions.dll,Microsoft.PowerShell.EditorServices.VSCode.dll,Microsoft.CSharp.dll,Microsoft.DiaSymReader.Native.amd64.dll,System.Reflection.Metadata.dll,Microsoft.Windows.PowerShell.ScriptAnalyzer.dll,System.Runtime.Extensions.dll,System.IO.FileSystem.dll,System.Resources.ResourceManager.dll,Microsoft.PowerShell.CrossCompatibility.dll,Microsoft.Windows.PowerShell.ScriptAnalyzer.BuiltinRules.dll,Pluralize.NET.dll,System.Reflection.TypeExtensions.dll,Microsoft.Management.Infrastructure.CimCmdlets.dll,System.Runtime.CompilerServices.Unsafe.dll,System.IO.Compression.dll,System.IO.Compression.Native.dll,System.Net.Security.dll,DNSAPI.dll,dhcpcsvc6.DLL,dhcpcsvc.DLL,winhttp.dll,WS2_32.dll,System.Net.Sockets.dll,mswsock.dll,wshunix.dll,System.Net.NameResolution.dll,ucrtbase.dll,nlansp_c.dll,wshbth.dll,DEVOBJ.dll,cfgmgr32.dll,winrnr.dll,rasadhlp.dll,pnrpnsp.dll,napinsp.dll,fwpuclnt.dll,schannel.DLL,mskeyprotect.dll,NTASN1.dll,ncrypt.dll,ncryptsslp.dll,Microsoft.Extensions.FileSystemGlobbing.dll,System.Xml.XPath.dll,System.Threading.Tasks.dll,Microsoft.Management.Infrastructure.Native.dll,System.Runtime.Handles.dll,System.Runtime.CompilerServices.VisualC.dll,Microsoft.Management.Infrastructure.Native.Unmanaged.DLL,mi.dll,miutils.dll,DPAPI.DLL,wmidcom.dll,clbcatq.dll,wbemprox.dll,wbemcomn.dll,wbemsvc.dll,fastprox.dll,System.Globalization.dll,System.Diagnostics.FileVersionInfo.dll,Microsoft.CodeAnalysis.dll,Microsoft.CodeAnalysis.CSharp.dll,System.Security.Cryptography.Algorithms.dll,System.Security.Cryptography.Pkcs.dll,System.ServiceProcess.ServiceController.dll,System.Net.Quic.dll,,pwsh.exe,ntdll.dll,KERNEL32.DLL,KERNELBASE.dll,USER32.dll,win32u.dll,GDI32.dll,gdi32full.dll,msvcp_win.dll,ucrtbase.dll,SHELL32.dll,ADVAPI32.dll,msvcrt.dll,sechost.dll,RPCRT4.dll,IMM32.DLL,hostfxr.dll,hostpolicy.dll,coreclr.dll,ole32.dll,combase.dll,OLEAUT32.dll,bcryptPrimitives.dll,System.Private.CoreLib.dll,clrjit.dll,kernel.appcore.dll,pwsh.dll,System.Runtime.dll,Microsoft.PowerShell.ConsoleHost.dll,System.Management.Automation.dll,BCrypt.dll,System.Threading.Thread.dll,icu.dll,System.Runtime.InteropServices.dll,System.Diagnostics.Process.dll,System.Threading.dll,System.Collections.dll,System.Xml.ReaderWriter.dll,System.Private.Xml.dll,System.Text.RegularExpressions.dll,System.Collections.Concurrent.dll,System.Management.dll,System.Text.Encoding.Extensions.dll,System.Memory.dll,System.ComponentModel.Primitives.dll,System.Linq.Expressions.dll,Microsoft.Win32.Registry.dll,System.DirectoryServices.dll,Newtonsoft.Json.dll,System.Runtime.InteropServices.RuntimeInformation.dll,netstandard.dll,amsi.dll,USERENV.dll,profapi.dll,System.Net.Primitives.dll,MpOav.dll,version.dll,System.ComponentModel.TypeConverter.dll,System.Runtime.Numerics.dll,System.Security.Cryptography.X509Certificates.dll,System.ObjectModel.dll,System.Security.Cryptography.Encoding.dll,System.Security.Cryptography.Primitives.dll,System.Net.NetworkInformation.dll,windows.storage.dll,wintypes.dll,System.Net.Mail.dll,SHCORE.dll,shlwapi.dll,Microsoft.Management.Infrastructure.dll,System.Private.Uri.dll,System.Security.AccessControl.dll,System.Runtime.Serialization.Formatters.dll,System.Diagnostics.TraceSource.dll,System.Linq.dll,System.Runtime.Serialization.Primitives.dll,System.Data.Common.dll,System.ComponentModel.dll,System.Reflection.Emit.ILGeneration.dll,System.Reflection.Emit.Lightweight.dll,System.Reflection.Primitives.dll,Microsoft.PowerShell.CoreCLR.Eventing.dll,Microsoft.Win32.Primitives.dll,wldp.dll,WINTRUST.dll,CRYPT32.dll,MSASN1.dll,CRYPTSP.dll,rsaenh.dll,CRYPTBASE.dll,System.Console.dll,System.Security.Principal.Windows.dll,System.Security.Claims.dll,uxtheme.dll,clbcatq.dll,appresolver.dll,Microsoft.ApplicationInsights.dll,PROPSYS.dll,LINKINFO.dll,System.Diagnostics.DiagnosticSource.dll,Bcp47Langs.dll,System.Diagnostics.Tracing.dll,System.IO.MemoryMappedFiles.dll,CFGMGR32.dll,System.Private.Xml.Linq.dll,System.IO.Pipes.dll,System.Collections.Specialized.dll,Microsoft.PowerShell.Security.dll,System.Xml.XDocument.dll,System.Threading.Tasks.Parallel.dll,System.IO.FileSystem.DriveInfo.dll,System.Collections.NonGeneric.dll,System.IO.FileSystem.AccessControl.dll,System.Text.Encoding.CodePages.dll,System.Security.Permissions.dll,apphelp.dll,NetworkExplorer.dll,ntshrui.dll,SspiCli.dll,srvcli.dll,System.Threading.Overlapped.dll,cscapi.dll,policymanager.dll,msvcp110_win.dll,ntmarta.dll,System.Runtime.Loader.dll,TaskFlowDataEngine.dll,OneCoreCommonProxyStub.dll,secur32.dll,System.Threading.ThreadPool.dll,mpr.dll,MPCLIENT.DLL,gpapi.dll,coml2.dll,cryptnet.dll,IPHLPAPI.DLL,WINNSI.DLL,NSI.dll,Microsoft.PowerShell.PSReadLine2.dll,mscorlib.dll,Microsoft.PowerShell.Commands.Management.dll,System.dll,System.Core.dll,System.Diagnostics.StackTrace.dll,DNSAPI.dll,dhcpcsvc6.DLL,dhcpcsvc.DLL,System.Net.Http.dll,System.Net.Security.dll,winhttp.dll,WS2_32.dll,System.Net.Sockets.dll,mswsock.dll,wshunix.dll,System.Net.NameResolution.dll,ucrtbase.dll,nlansp_c.dll,wshbth.dll,DEVOBJ.dll,rasadhlp.dll,winrnr.dll,pnrpnsp.dll,napinsp.dll,fwpuclnt.dll,schannel.DLL,mskeyprotect.dll,NTASN1.dll,ncrypt.dll,ncryptsslp.dll,Microsoft.PowerShell.Commands.Utility.dll,Microsoft.PowerShell.MarkdownRender.dll,System.IO.Compression.dll,System.IO.Compression.Native.dll,wmiutils.dll,System.Reflection.Emit.dll,imagehlp.dll,System.Diagnostics.Tools.dll",,,,
Registry,null,System,1,NT AUTHORITY\SYSTEM,null,,,,
runtimebroker.exe,C:\Windows\system32\runtimebroker.exe,svchost.exe,2,NT AUTHORITY\SYSTEM,"RuntimeBroker.exe,ntdll.dll,KERNEL32.DLL,KERNELBASE.dll,ucrtbase.dll,combase.dll,RPCRT4.dll,kernel.appcore.dll,msvcrt.dll,bcryptPrimitives.dll,powrprof.dll,UMPDC.dll,user32.dll,win32u.dll,GDI32.dll,gdi32full.dll,msvcp_win.dll,IMM32.DLL,sechost.dll,clbcatq.dll,Windows.ApplicationModel.dll,wintypes.dll,OneCoreCommonProxyStub.dll,shcore.dll,mrmcorer.dll,iertutil.dll,advapi32.dll,OLEAUT32.dll,windows.staterepositorycore.dll,windows.staterepositoryclient.dll,profapi.dll,bcp47mrm.dll,uxtheme.dll,RuntimeBroker.exe,ntdll.dll,KERNEL32.DLL,KERNELBASE.dll,ucrtbase.dll,combase.dll,RPCRT4.dll,kernel.appcore.dll,msvcrt.dll,bcryptPrimitives.dll,powrprof.dll,UMPDC.dll,user32.dll,win32u.dll,GDI32.dll,gdi32full.dll,msvcp_win.dll,IMM32.DLL,sechost.dll,clbcatq.dll,AppXDeploymentClient.dll,urlmon.dll,iertutil.dll,advapi32.dll,srvcli.dll,netutils.dll,windows.staterepositorycore.dll,windows.staterepositoryclient.dll,AppExtension.dll,OneCoreUAPCommonProxyStub.dll,shcore.dll,Windows.Management.Workplace.dll,msvcp110_win.dll,wintypes.dll,Windows.ApplicationModel.dll,OneCoreCommonProxyStub.dll,usermgrcli.dll,StartTileData.dll,OLEAUT32.dll,ShellCommonCommonProxyStub.dll,windows.storage.dll,ole32.dll,shlwapi.dll,CFGMGR32.dll,uxtheme.dll,propsys.dll,profapi.dll,apphelp.dll,SHELL32.dll,policymanager.dll,Windows.Web.dll,ShutdownUX.dll,WINBRAND.dll,windowscodecs.dll,LINKINFO.dll,coml2.dll,windows.internal.shell.broker.dll,comctl32.dll,vaultcli.dll,MrmCoreR.dll,bcp47mrm.dll,gdiplus.dll,MSCTF.dll,thumbcache.dll,edputil.dll,RuntimeBroker.exe,ntdll.dll,KERNEL32.DLL,KERNELBASE.dll,ucrtbase.dll,combase.dll,RPCRT4.dll,kernel.appcore.dll,msvcrt.dll,bcryptPrimitives.dll,powrprof.dll,UMPDC.dll,user32.dll,win32u.dll,GDI32.dll,gdi32full.dll,msvcp_win.dll,IMM32.DLL,sechost.dll,clbcatq.dll,AppExtension.dll,OneCoreUAPCommonProxyStub.dll,shcore.dll,twinapi.appcore.dll,windows.staterepositorycore.dll,OneCoreCommonProxyStub.dll,policymanager.dll,msvcp110_win.dll,OLEAUT32.dll,advapi32.dll,CRYPTBASE.dll,Windows.ApplicationModel.dll,wintypes.dll,AppXDeploymentClient.dll,urlmon.dll,iertutil.dll,srvcli.dll,netutils.dll,usermgrcli.dll,SystemSettings.DataModel.dll,SystemSettingsViewModel.Desktop.dll,wincorlib.DLL,bcrypt.dll,windowsudk.shellcommon.dll,wkscli.dll,WindowsCodecs.dll,XmlLite.dll,windows.storage.dll,windows.staterepositoryclient.dll,WsxPackManager.dll,SHLWAPI.dll,vccorlib140_app.DLL,VCRUNTIME140_1_APP.dll,VCRUNTIME140_APP.dll,MSVCP140_APP.dll,PROPSYS.dll,Windows.Web.dll,shell32.dll,SettingsEnvironment.Desktop.dll,USERENV.dll,HID.DLL,SLC.dll,SPPC.DLL,cfgmgr32.dll,uxtheme.dll,inputhost.dll,CoreMessaging.dll,StartTileData.dll,ShellCommonCommonProxyStub.dll,NetworkUXBroker.dll,NSI.dll,IPHLPAPI.DLL,dhcpcsvc6.DLL,dhcpcsvc.DLL,DEVOBJ.dll,EthernetMediaManager.dll,dot3api.dll,MobileNetworking.dll,MSCTF.dll,ole32.dll,wtsapi32.dll,WINSTA.dll,apphelp.dll,appresolver.dll,npmproxy.dll,Bcp47Langs.dll,profapi.dll,coml2.dll,LINKINFO.dll,Windows.Security.Authentication.Web.Core.dll,windows.internal.shell.broker.dll,SspiCli.dll,Wldp.dll,AppContracts.dll,OnDemandBrokerClient.dll,usermgrproxy.dll,StartMenu.dll,StructuredQuery.dll,MSWB7.dll,Windows.Storage.Search.dll,comctl32.dll,IconCodecService.dll,Windows.System.Launcher.dll,edputil.dll,VAULTCLI.dll,ntshrui.dll,cscapi.dll,Windows.FileExplorer.Common.dll,ntmarta.dll,MrmCoreR.dll,languageoverlayutil.dll,bcp47mrm.dll,RuntimeBroker.exe,ntdll.dll,KERNEL32.DLL,KERNELBASE.dll,ucrtbase.dll,combase.dll,RPCRT4.dll,kernel.appcore.dll,msvcrt.dll,bcryptPrimitives.dll,powrprof.dll,UMPDC.dll,user32.dll,win32u.dll,GDI32.dll,gdi32full.dll,msvcp_win.dll,IMM32.DLL,sechost.dll,clbcatq.dll,windows.storage.dll,wintypes.dll,shcore.dll,uxtheme.dll,OneCoreUAPCommonProxyStub.dll,ole32.dll,shlwapi.dll,OLEAUT32.dll,CFGMGR32.dll,StructuredQuery.dll,PROPSYS.dll,windows.staterepositoryclient.dll,edputil.dll,VAULTCLI.dll,windows.staterepositorycore.dll,StartTileData.dll,ShellCommonCommonProxyStub.dll,profapi.dll,shell32.dll,policymanager.dll,msvcp110_win.dll,Windows.Web.dll,coml2.dll,LINKINFO.dll,windows.internal.shell.broker.dll,windowscodecs.dll,comctl32.dll,urlmon.dll,iertutil.dll,advapi32.dll,srvcli.dll,netutils.dll,SspiCli.dll,apphelp.dll,appresolver.dll,USERENV.dll,Bcp47Langs.dll,thumbcache.dll,RuntimeBroker.exe,ntdll.dll,KERNEL32.DLL,KERNELBASE.dll,ucrtbase.dll,combase.dll,RPCRT4.dll,kernel.appcore.dll,msvcrt.dll,bcryptPrimitives.dll,powrprof.dll,UMPDC.dll,user32.dll,win32u.dll,GDI32.dll,gdi32full.dll,msvcp_win.dll,IMM32.DLL,sechost.dll,clbcatq.dll,lockappbroker.dll,shcore.dll,OLEAUT32.dll,shlwapi.dll,ole32.dll,SHELL32.dll,MrmCoreR.dll,twinapi.appcore.dll,OneCoreCommonProxyStub.dll,Windows.ApplicationModel.LockScreen.dll,wincorlib.DLL,windows.staterepositorycore.dll,uxtheme.dll,Windows.Services.TargetedContent.dll,SspiCli.dll,OneCoreUAPCommonProxyStub.dll,StartTileData.dll,usermgrcli.dll,NetworkIcon.dll,MSCTF.dll,WinTypes.dll,AppExtension.dll,advapi32.dll,ShellCommonCommonProxyStub.dll,Bcp47Langs.dll,NetworkUXBroker.dll,NSI.dll,IPHLPAPI.DLL,dhcpcsvc6.DLL,dhcpcsvc.DLL,DEVOBJ.dll,cfgmgr32.dll,EthernetMediaManager.dll,dot3api.dll,MobileNetworking.dll,npmproxy.dll,LockScreenData.dll,Windows.CloudStore.dll,Windows.StateRepositoryPS.dll,TileDataRepository.dll,StateRepository.Core.dll,MicrosoftAccountWAMExtension.dll,PCShellCommonProxyStub.dll",,,,
SearchHost.exe,C:\Windows\SystemApps\MicrosoftWindows.Client.CBS_cw5n1h2txyewy\SearchHost.exe,svchost.exe,1,USER,"SearchHost.exe,ntdll.dll,KERNEL32.DLL,KERNELBASE.dll,combase.dll,ucrtbase.dll,RPCRT4.dll,VCRUNTIME140_APP.dll,kernel.appcore.dll,msvcrt.dll,bcryptPrimitives.dll,SearchUx.UI.dll,shcore.dll,msvcp_win.dll,OLEAUT32.dll,uiautomationcore.dll,vccorlib140_app.DLL,VCRUNTIME140_1_APP.dll,USERENV.dll,MSVCP140_APP.dll,SHLWAPI.dll,sechost.dll,Windows.UI.Xaml.dll,powrprof.dll,d2d1.dll,UMPDC.dll,windows.staterepositorycore.dll,iertutil.dll,advapi32.dll,SearchUx.InternalWebAPi.dll,user32.dll,Cabinet.dll,win32u.dll,SspiCli.dll,GDI32.dll,gdi32full.dll,ole32.dll,IMM32.DLL,twinapi.appcore.dll,SearchUx.Core.dll,urlmon.dll,XmlLite.dll,srvcli.dll,netutils.dll,WinTypes.dll,Windows.Storage.ApplicationData.dll,windowsudk.shellcommon.dll,wkscli.dll,WindowsCodecs.dll,windows.storage.dll,slc.dll,policymanager.dll,msvcp110_win.dll,Windows.UI.dll,CoreMessaging.dll,OneCoreUAPCommonProxyStub.dll,SearchUx.ConstraintIndex.dll,uxtheme.dll,SHELL32.dll,profapi.dll,MrmCoreR.dll,windows.staterepositoryclient.dll,Windows.Web.Http.dll,bcp47mrm.dll,Windows.Security.Authentication.OnlineId.dll,Windows.UI.Immersive.dll,Windows.Globalization.dll,Bcp47Langs.dll,dxgi.dll,dxcore.dll,WININET.dll,directxdatabasehelper.dll,ntmarta.dll,dwrite.dll,d3d11.dll,d3d10warp.dll,Windows.ApplicationModel.dll,msctf.dll,Windows.Shell.ServiceHostBuilder.dll,execmodelproxy.dll,CoreUIComponents.dll,RMCLIENT.dll,InputHost.dll,CRYPTBASE.DLL,UiaManager.dll,TextShaping.dll,WindowManagementAPI.dll,windows.ui.core.textinput.dll,TextInputFramework.dll,DataExchange.dll,ShellCommonCommonProxyStub.dll,Windows.Web.dll,Microsoft.UI.Xaml.dll,Windows.Security.Authentication.Web.Core.dll,Windows.UI.Xaml.Controls.dll,OneCoreCommonProxyStub.dll,threadpoolwinrt.dll,Windows.Graphics.dll,PROPSYS.dll,Windows.System.Launcher.dll,StartTileData.dll,usermgrcli.dll,vaultcli.dll,usermgrproxy.dll,msftedit.dll,Windows.StateRepositoryPS.dll,globinputhost.dll,bcrypt.dll,CRYPT32.dll,DPAPI.dll,dcomp.dll,twinapi.dll,Windows.Globalization.Fontgroups.dll,fontgroupsoverride.dll,Windows.CloudStore.dll,biwinrt.dll,directmanipulation.dll,Windows.UI.Input.Inking.dll,profext.dll,aadWamExtension.dll,WS2_32.dll,ondemandconnroutehelper.dll,winhttp.dll,mswsock.dll,IPHLPAPI.DLL,WINNSI.DLL,NSI.dll,Windows.CloudStore.Schema.Shell.dll,appresolver.dll,TileDataRepository.dll,StateRepository.Core.dll,Windows.StateRepository.dll,CryptoWinRT.dll,EdgeManager.dll,edgehtml.dll,RoMetadata.dll,chakra.dll,srpapi.dll,WebRuntimeManager.dll,edgeiso.dll,ninput.dll,msimtf.dll,webplatstorageserver.dll,DNSAPI.dll,rasadhlp.dll,fwpuclnt.dll,schannel.DLL,mskeyprotect.dll,NTASN1.dll,ncrypt.dll,ncryptsslp.dll,MSASN1.dll,WINTRUST.dll,CRYPTSP.dll,rsaenh.dll,gpapi.dll,cryptnet.dll,wuceffects.dll,icu.dll,edputil.dll,SystemSettings.DataModel.dll,MSWB7.dll,tquery.dll,SearchIndexerCore.dll,StructuredQuery.dll,winsta.dll,PhotoMetadataHandler.dll,RTMediaFrame.dll,SearchUx.WebApi.dll,StartMenu.dll,AppContracts.dll,dui70.dll,DUser.dll,Comctl32.dll,UIAnimation.dll,dwmapi.dll,dhcpcsvc6.DLL,dhcpcsvc.DLL,webio.dll,firewallapi.dll,fwbase.dll,certenroll.dll,certca.dll,mlang.dll,pfclient.dll,LegacySystemSettings.dll,ntoskrnl.exe,Windows.Networking.BackgroundTransfer.dll,SystemEventsBrokerClient.dll,windows.applicationmodel.datatransfer.dll,activationclient.dll,MicrosoftAccountWAMExtension.dll,AppXDeploymentClient.dll,profext.dll,PCShellCommonProxyStub.dll,AppXDeploymentClient.dll,PCShellCommonProxyStub.dll",,,,
SearchIndexer.exe,C:\Windows\system32\SearchIndexer.exe,services.exe,1,NT AUTHORITY\SYSTEM,"SearchIndexer.exe,ntdll.dll,KERNEL32.DLL,KERNELBASE.dll,msvcp_win.dll,ucrtbase.dll,OLEAUT32.dll,combase.dll,RPCRT4.dll,shcore.dll,sechost.dll,MSSRCH.DLL,advapi32.dll,msvcrt.dll,WS2_32.dll,kernel.appcore.dll,PROPSYS.dll,TQUERY.DLL,SearchIndexerCore.dll,cryptdll.dll,windows.storage.dll,ESENT.dll,wintypes.dll,bcryptPrimitives.dll,shlwapi.dll,profapi.dll,user32.dll,win32u.dll,GDI32.dll,gdi32full.dll,sspicli.dll,policymanager.dll,msvcp110_win.dll,wtsapi32.dll,WINSTA.dll,clbcatq.dll,powrprof.dll,UMPDC.dll,rmclient.dll,mssprxy.dll,CRYPTBASE.DLL,IpsPlugin.dll,USERENV.dll,SHELL32.dll,ntmarta.dll,vssapi.dll,VssTrace.DLL,samcli.dll,netutils.dll,SAMLIB.dll,Windows.StateRepositoryPS.dll,ES.DLL,cfgmgr32.dll,DEVOBJ.dll,usermgrcli.dll,sxs.dll,MSWB7.dll,elscore.dll,ElsLad.dll,Bcp47Langs.dll,Windows.Globalization.dll,query.dll,StructuredQuery.dll,ole32.dll,apphelp.dll,NetworkExplorer.dll,icu.dll,OneCoreUAPCommonProxyStub.dll,Windows.System.Launcher.dll,windows.staterepositorycore.dll",,,,
SearchProtocolHost.exe,C:\Windows\System32\SearchProtocolHost.exe,SearchIndexer.exe,2,NT AUTHORITY\SYSTEM,"SearchProtocolHost.exe,ntdll.dll,KERNEL32.DLL,KERNELBASE.dll,msvcp_win.dll,ucrtbase.dll,OLEAUT32.dll,combase.dll,RPCRT4.dll,advapi32.dll,msvcrt.dll,sechost.dll,SHCORE.dll,windows.storage.dll,wintypes.dll,imm32.dll,win32u.dll,USER32.dll,GDI32.dll,gdi32full.dll,kernel.appcore.dll,bcryptPrimitives.dll,clbcatq.dll,ole32.dll,mssprxy.dll,mssph.dll,AUTHZ.dll,ntmarta.dll,propsys.dll,shlwapi.dll,Windows.StateRepositoryPS.dll,Windows.System.Launcher.dll,msvcp110_win.dll,windows.staterepositorycore.dll,CFGMGR32.dll,Windows.FileExplorer.Common.dll,iertutil.dll,profapi.dll,shell32.dll,edputil.dll,VAULTCLI.dll,cldapi.dll,SspiCli.dll,windows.staterepositoryclient.dll",,,,
Secure System,null,System,1,NT AUTHORITY\SYSTEM,null,,,,
SecurityHealthService.exe,C:\Windows\System32\SecurityHealthService.exe,services.exe,1,NT AUTHORITY\SYSTEM,null,,,,
SecurityHealthSystray.exe,C:\Windows\System32\SecurityHealthSystray.exe,explorer.exe,1,USER,"SecurityHealthSystray.exe,ntdll.dll,KERNEL32.DLL,KERNELBASE.dll,ADVAPI32.dll,msvcrt.dll,sechost.dll,RPCRT4.dll,ucrtbase.dll,ole32.dll,msvcp_win.dll,GDI32.dll,win32u.dll,gdi32full.dll,USER32.dll,combase.dll,IMM32.DLL,kernel.appcore.dll,bcryptPrimitives.dll,atlthunk.dll,uxtheme.dll,MSCTF.dll,clbcatq.dll,SecurityHealthSSO.dll,SecurityHealthSsoUdk.dll,shcore.dll,SHELL32.dll,dwmapi.dll,Windows.UI.dll,windows.storage.dll,wintypes.dll,shlwapi.dll,SecurityHealthProxyStub.dll",,,,
services.exe,null,wininit.exe,1,NT AUTHORITY\SYSTEM,null,,,,
SgrmBroker.exe,C:\Windows\System32\SgrmBroker.exe,services.exe,1,NT AUTHORITY\SYSTEM,null,,,,
ShellExperienceHost.exe,C:\Windows\SystemApps\ShellExperienceHost_cw5n1h2txyewy\ShellExperienceHost.exe,svchost.exe,1,USER,"ShellExperienceHost.exe,ntdll.dll,KERNEL32.DLL,KERNELBASE.dll,combase.dll,ucrtbase.dll,RPCRT4.dll,OLEAUT32.dll,msvcp_win.dll,dxgi.dll,wincorlib.DLL,msvcrt.dll,win32u.dll,gdi32.dll,gdi32full.dll,USER32.dll,IMM32.DLL,kernel.appcore.dll,bcryptPrimitives.dll,Windows.UI.Xaml.dll,powrprof.dll,d2d1.dll,UMPDC.dll,iertutil.dll,advapi32.dll,sechost.dll,twinapi.appcore.dll,WinTypes.dll,shcore.dll,windows.staterepositorycore.dll,Windows.UI.dll,CoreMessaging.dll,OneCoreUAPCommonProxyStub.dll,uxtheme.dll,urlmon.dll,srvcli.dll,netutils.dll,dxcore.dll,Windows.UI.QuickActions.dll,WindowsCodecs.dll,QuickActionsDataModel.dll,Windows.UI.Shell.SharedUtilities.dll,NetworkUX.dll,MobileNetworking.dll,Windows.UI.ActionCenter.dll,directxdatabasehelper.dll,ntmarta.dll,d3d11.dll,d3d10warp.dll,Microsoft.UI.Xaml.dll,MSVCP140_APP.dll,VCRUNTIME140_1_APP.dll,VCRUNTIME140_APP.dll,dwrite.dll,MrmCoreR.dll,Windows.Storage.ApplicationData.dll,windows.staterepositoryclient.dll,windows.storage.dll,PROPSYS.dll,Windows.System.Launcher.dll,msvcp110_win.dll,profapi.dll,shlwapi.dll,languageoverlayutil.dll,bcp47mrm.dll,msctf.dll,Windows.Shell.ServiceHostBuilder.dll,TextShaping.dll,execmodelproxy.dll,CoreUIComponents.dll,RMCLIENT.dll,InputHost.dll,CRYPTBASE.DLL,UiaManager.dll,WindowManagementAPI.dll,windows.ui.core.textinput.dll,TextInputFramework.dll,Windows.UI.Immersive.dll,DataExchange.dll,Windows.UI.Xaml.Controls.dll,Bcp47Langs.dll,Windows.Globalization.dll,directmanipulation.dll,dcomp.dll,NotificationControllerPS.dll,WindowsInternal.ShellUI.dll,Windows.Globalization.Fontgroups.dll,fontgroupsoverride.dll,Windows.ApplicationModel.dll,Windows.Energy.dll,Windows.Graphics.dll,USERENV.dll,SspiCli.dll,Windows.StateRepositoryPS.dll,PhotoMetadataHandler.dll,RTMediaFrame.dll,threadpoolwinrt.dll,pfclient.dll,dwmapi.dll,audioses.dll,bcrypt.dll,MMDevApi.dll,DEVOBJ.dll,cfgmgr32.dll,AVRT.dll,ole32.dll,JumpViewUI.dll,windows.internal.shell.broker.dll,Windows.Web.dll,StartTileData.dll,ShellCommonCommonProxyStub.dll,msftedit.dll,globinputhost.dll,NInput.dll",,,,
sihost.exe,C:\Windows\system32\sihost.exe,svchost.exe,1,USER,"sihost.exe,ntdll.dll,KERNEL32.DLL,KERNELBASE.dll,msvcp_win.dll,ucrtbase.dll,combase.dll,RPCRT4.dll,sechost.dll,advapi32.dll,msvcrt.dll,CoreMessaging.dll,ntmarta.dll,kernel.appcore.dll,bcryptPrimitives.dll,user32.dll,win32u.dll,GDI32.dll,gdi32full.dll,IMM32.DLL,clbcatq.dll,desktopshellext.dll,shcore.dll,shlwapi.dll,wtsapi32.dll,WINSTA.dll,Windows.Shell.ServiceHostBuilder.dll,uxtheme.dll,ClipboardServer.dll,RMCLIENT.dll,activationmanager.dll,wintypes.dll,twinapi.appcore.dll,USERENV.dll,AppointmentActivation.dll,windows.staterepositorycore.dll,modernexecserver.dll,usermgrproxy.dll,usermgrcli.dll,CoreUIComponents.dll,ExecModelClient.dll,windowmanagement.dll,OneCoreUAPCommonProxyStub.dll,NotificationPlatformComponent.dll,AppContracts.dll,windows.system.launcher.dll,Windows.Storage.dll,msvcp110_win.dll,PackageStateChangeHandler.dll,UiaManager.dll,OLEAUT32.dll,ShareHost.dll,twinui.appcore.dll,AudioSes.dll,daxexec.dll,container.dll,mssrch.dll,WS2_32.dll,TQUERY.DLL,cryptdll.dll,ESENT.dll,SearchIndexerCore.dll,OneCoreCommonProxyStub.dll,CoreShellExtFramework.dll,twinui.pcshell.dll,powrprof.dll,cfgmgr32.dll,dxgi.dll,dwmapi.dll,wincorlib.DLL,iertutil.dll,UMPDC.dll,execmodelproxy.dll,CRYPTBASE.DLL,InputHost.dll,AppXDeploymentClient.dll,urlmon.dll,srvcli.dll,netutils.dll,windows.staterepositoryclient.dll,ole32.dll,policymanager.dll,capauthz.dll,SHELL32.dll,wpnapps.dll,bcrypt.dll,Windows.StateRepositoryPS.dll,Windows.Security.Integrity.dll",,,,
smss.exe,null,"System,System Idle Process",1,NT AUTHORITY\SYSTEM,null,,,,
spoolsv.exe,C:\Windows\System32\spoolsv.exe,services.exe,1,NT AUTHORITY\SYSTEM,"spoolsv.exe,ntdll.dll,KERNEL32.DLL,KERNELBASE.dll,USER32.dll,win32u.dll,GDI32.dll,gdi32full.dll,msvcp_win.dll,ucrtbase.dll,msvcrt.dll,sechost.dll,RPCRT4.dll,advapi32.dll,DSROLE.dll,DNSAPI.dll,bcrypt.dll,IPHLPAPI.DLL,NSI.dll,combase.dll,kernel.appcore.dll,bcryptPrimitives.dll,SspiCli.dll,powrprof.dll,UMPDC.dll,WS2_32.dll,mswsock.dll,WTSAPI32.dll,WINSTA.dll,WINNSI.DLL,rasadhlp.dll,fwpuclnt.dll,localspl.dll,SPOOLSS.DLL,winspool.drv,PrintIsolationProxy.dll,cfgmgr32.dll,AppMon.dll,FXSMON.DLL,tcpmon.dll,snmpapi.dll,wsnmp32.dll,usbmon.dll,DEVOBJ.dll,WINTRUST.dll,CRYPT32.dll,MSASN1.dll,APMon.dll,clbcatq.dll,msxml6.dll,OLEAUT32.dll,SETUPAPI.dll,drvstore.dll,winprint.dll,USERENV.dll,gpapi.dll,win32spl.dll,SHLWAPI.dll,inetpp.dll,WINHTTP.dll,CRYPTSP.dll,srvcli.dll,rsaenh.dll,CRYPTBASE.dll,cscapi.dll,netutils.dll",,,,
StartMenuExperienceHost.exe,C:\Windows\SystemApps\Microsoft.Windows.StartMenuExperienceHost_cw5n1h2txyewy\StartMenuExperienceHost.exe,svchost.exe,1,USER,"StartMenuExperienceHost.exe,ntdll.dll,KERNEL32.DLL,KERNELBASE.dll,combase.dll,ucrtbase.dll,RPCRT4.dll,wincorlib.DLL,msvcrt.dll,kernel.appcore.dll,bcryptPrimitives.dll,Windows.UI.Xaml.dll,msvcp_win.dll,d2d1.dll,powrprof.dll,UMPDC.dll,iertutil.dll,advapi32.dll,sechost.dll,twinapi.appcore.dll,WinTypes.dll,shcore.dll,windows.staterepositorycore.dll,user32.dll,win32u.dll,GDI32.dll,gdi32full.dll,IMM32.DLL,Windows.UI.dll,CoreMessaging.dll,OneCoreUAPCommonProxyStub.dll,uxtheme.dll,urlmon.dll,srvcli.dll,netutils.dll,OLEAUT32.dll,dxgi.dll,dxcore.dll,directxdatabasehelper.dll,ntmarta.dll,Microsoft.UI.Xaml.dll,MSVCP140_APP.dll,VCRUNTIME140_APP.dll,VCRUNTIME140_1_APP.dll,d3d11.dll,windowsudk.shellcommon.dll,WindowsCodecs.dll,XmlLite.dll,windows.storage.dll,wkscli.dll,d3d10warp.dll,dwrite.dll,TextShaping.dll,windows.staterepositoryclient.dll,StartDocked.dll,StartTileData.dll,Windows.UI.Shell.SharedUtilities.dll,MrmCoreR.dll,profapi.dll,languageoverlayutil.dll,bcp47mrm.dll,msctf.dll,CoreUIComponents.dll,RMCLIENT.dll,InputHost.dll,CRYPTBASE.DLL,UiaManager.dll,WindowManagementAPI.dll,windows.ui.core.textinput.dll,TextInputFramework.dll,Windows.UI.Immersive.dll,DataExchange.dll,usermgrcli.dll,usermgrproxy.dll,Windows.CloudStore.dll,USERENV.dll,shlwapi.dll,Windows.Storage.ApplicationData.dll,PROPSYS.dll,msvcp110_win.dll,Bcp47Langs.dll,appresolver.dll,ole32.dll,StartMenu.dll,SHELL32.dll,IPHLPAPI.DLL,Windows.StateRepositoryPS.dll,slc.dll,Windows.UI.Xaml.Controls.dll,Windows.Globalization.dll,Windows.Graphics.dll,Windows.Globalization.Fontgroups.dll,fontgroupsoverride.dll,windows.internal.shell.broker.dll,twinapi.dll,policymanager.dll,ShellCommonCommonProxyStub.dll,TileDataRepository.dll,StateRepository.Core.dll,Windows.StateRepository.dll,dcomp.dll,directmanipulation.dll,Windows.ApplicationModel.dll,OneCoreCommonProxyStub.dll,Windows.Management.Workplace.dll,CryptoWinRT.dll,bcrypt.dll,Windows.Web.dll,Windows.Energy.dll,winsta.dll,threadpoolwinrt.dll,RTMediaFrame.dll,pfclient.dll,PhotoMetadataHandler.dll,biwinrt.dll,dwmapi.dll,Windows.Security.Authentication.Web.Core.dll,CRYPT32.dll,DPAPI.dll,vaultcli.dll,profext.dll",,,,
svchost.exe,C:\Windows\system32\svchost.exe,services.exe,2,MULTIPLE,MULTIPLE,,,,
System,null,System Idle Process,1,\,null,,,,
Sysmon64.exe,MULTIPLE,services.exe,1,NT AUTHORITY\SYSTEM,,,,,
System Idle Process,null,null,1,null,null,,,,
taskhostw.exe,C:\Windows\system32\taskhostw.exe,svchost.exe,2,NT AUTHORITY\SYSTEM,"taskhostw.exe,ntdll.dll,KERNEL32.DLL,KERNELBASE.dll,msvcrt.dll,imm32.dll,win32u.dll,USER32.dll,GDI32.dll,gdi32full.dll,msvcp_win.dll,ucrtbase.dll,combase.dll,RPCRT4.dll,kernel.appcore.dll,bcryptPrimitives.dll,sechost.dll,uxtheme.dll,OLEAUT32.dll,clbcatq.dll,PlaySndSrv.dll,wininet.dll,MsCtfMonitor.dll,MSUTB.dll,WINMM.dll,AudioSes.DLL,shcore.dll,ESENT.dll,windows.storage.dll,wintypes.dll,shlwapi.dll,profapi.dll,iertutil.dll,advapi32.dll,CRYPTBASE.DLL,powrprof.dll,UMPDC.dll,bcrypt.dll,MSCTF.dll,USERENV.dll,winmmbase.dll,MMDevAPI.DLL,wdmaud.drv,AVRT.dll,ksuser.dll,DEVOBJ.dll,cfgmgr32.dll,msacm32.drv,MSACM32.dll,midimap.dll,wdi.dll,radarrs.dll,ole32.dll,COMCTL32.dll,SHELL32.dll,wer.dll,VERSION.dll,RstrtMgr.DLL,ncrypt.dll,NTASN1.dll,aepic.dll,ntmarta.dll,NETAPI32.dll,DSREG.DLL,CRYPT32.dll,MSASN1.dll,XmlLite.dll,FlightSettings.dll,policymanager.dll,msvcp110_win.dll,fcon.dll,twinapi.appcore.dll,netprofm.dll,npmproxy.dll,rmclient.dll,Windows.Security.Authentication.OnlineId.dll,OneCoreUAPCommonProxyStub.dll,DPAPI.DLL,WINHTTP.dll,WS2_32.dll,mswsock.dll,IPHLPAPI.DLL,WINNSI.DLL,NSI.dll,dhcpcsvc6.DLL,dhcpcsvc.DLL,webio.dll,SspiCli.dll,DNSAPI.dll,rasadhlp.dll,schannel.DLL,mskeyprotect.dll,ncryptsslp.dll,cryptnet.dll,TempSignedLicenseExchangeTask.dll,WinSATAPI.dll,SETUPAPI.dll,dxgi.dll,gdiplus.dll,msxml6.dll,urlmon.dll,srvcli.dll,netutils.dll,PROPSYS.dll,sdiagschd.dll,sdiageng.dll,WINTRUST.dll,WTSAPI32.dll,CRYPTSP.dll,rsaenh.dll,gpapi.dll,sxs.dll",,,,
uhssvc.exe,C:\Program Files\Microsoft Update Health Tools\uhssvc.exe,services.exe,1,NT AUTHORITY\SYSTEM,"uhssvc.exe,ntdll.dll,KERNEL32.DLL,KERNELBASE.dll,ucrtbase.dll,sechost.dll,advapi32.dll,msvcrt.dll,RPCRT4.dll,combase.dll,OLEAUT32.dll,msvcp_win.dll,CRYPT32.dll,WINTRUST.dll,WINHTTP.dll,NETAPI32.dll,DSREG.DLL,MSASN1.dll,bcryptPrimitives.dll,kernel.appcore.dll,profapi.dll",,,,
unsecapp.exe,C:\Windows\System32\wbem\unsecapp.exe,svchost.exe,1,NT AUTHORITY\SYSTEM,"unsecapp.exe,ntdll.dll,KERNEL32.DLL,KERNELBASE.dll,msvcrt.dll,combase.dll,ucrtbase.dll,RPCRT4.dll,sechost.dll,wbemcomn.dll,kernel.appcore.dll,bcryptPrimitives.dll,user32.dll,win32u.dll,GDI32.dll,gdi32full.dll,msvcp_win.dll,clbcatq.dll,ole32.dll,wbemsvc.dll,fastprox.dll",,,,
VGAuthService.exe,C:\Program Files\VMware\VMware Tools\VMware VGAuth\VGAuthService.exe,services.exe,1,NT AUTHORITY\SYSTEM,"VGAuthService.exe,ntdll.dll,KERNEL32.DLL,KERNELBASE.dll,ucrtbase.dll,ADVAPI32.dll,msvcrt.dll,sechost.dll,RPCRT4.dll,WS2_32.dll,SHELL32.dll,msvcp_win.dll,USER32.dll,win32u.dll,GDI32.dll,gdi32full.dll,VCRUNTIME140.dll,glib-2.0.dll,ole32.dll,combase.dll,NETAPI32.dll,libcrypto-1_1-x64.dll,libssl-1_1-x64.dll,WTSAPI32.dll,libxml2.dll,libxmlsec.dll,libxmlsec-openssl.dll,Secur32.dll,intl.dll,bcrypt.dll,pcre.dll,WSOCK32.dll,NETUTILS.DLL,SAMCLI.DLL,SSPICLI.DLL,dbghelp.dll,dbgcore.DLL,ntmarta.dll,vsocklib.dll,windows.storage.dll,wintypes.dll,SHCORE.dll,shlwapi.dll,bcryptprimitives.dll",,,,
vm3dservice.exe,C:\Windows\system32\vm3dservice.exe,"vm3dservice.exe,services.exe",2,NT AUTHORITY\SYSTEM,"vm3dservice.exe,ntdll.dll,KERNEL32.DLL,KERNELBASE.dll,USER32.dll,win32u.dll,GDI32.dll,gdi32full.dll,msvcp_win.dll,ucrtbase.dll,ADVAPI32.dll,msvcrt.dll,sechost.dll,RPCRT4.dll,SHELL32.dll,dwmapi.dll,combase.dll,WTSAPI32.dll,dbghelp.dll,WINMM.dll,dbgcore.DLL,powrprof.dll,UMPDC.dll,WINSTA.dll,vm3dservice.exe,ntdll.dll,KERNEL32.DLL,KERNELBASE.dll,USER32.dll,win32u.dll,GDI32.dll,gdi32full.dll,msvcp_win.dll,ucrtbase.dll,ADVAPI32.dll,msvcrt.dll,sechost.dll,RPCRT4.dll,SHELL32.dll,dwmapi.dll,dbghelp.dll,combase.dll,WINMM.dll,WTSAPI32.dll,dbgcore.DLL,IMM32.DLL,dxcore.dll,uxtheme.dll,MSCTF.dll,powrprof.dll,UMPDC.dll,kernel.appcore.dll,vm3dservice.exe,ntdll.dll,KERNEL32.DLL,KERNELBASE.dll,USER32.dll,win32u.dll,GDI32.dll,gdi32full.dll,msvcp_win.dll,ucrtbase.dll,ADVAPI32.dll,msvcrt.dll,sechost.dll,RPCRT4.dll,SHELL32.dll,dwmapi.dll,dbghelp.dll,combase.dll,WTSAPI32.dll,WINMM.dll,dbgcore.DLL,IMM32.DLL,dxcore.dll,uxtheme.dll,MSCTF.dll,powrprof.dll,UMPDC.dll,kernel.appcore.dll",,,,
vmcompute.exe,C:\Windows\system32\vmcompute.exe,services.exe,1,NT AUTHORITY\SYSTEM,"vmcompute.exe,ntdll.dll,KERNEL32.DLL,KERNELBASE.dll,ucrtbase.dll,sechost.dll,combase.dll,RPCRT4.dll,OLEAUT32.dll,msvcp_win.dll,advapi32.dll,msvcrt.dll,ntmarta.dll,shcore.dll,vmsif.dll,WS2_32.dll,NetSetupApi.dll,bcrypt.dll,cfgmgr32.dll,IPHLPAPI.DLL,XmlLite.dll,MPR.dll,HvSocket.dll,dbgcore.dll,tdh.dll,USERENV.dll,FLTLIB.DLL,profapi.dll,SspiCli.dll,DEVOBJ.dll,fwpuclnt.dll,CRYPTBASE.DLL,kernel.appcore.dll,bcryptPrimitives.dll,vmprox.dll,vid.dll,vmwpctrl.dll,clbcatq.dll,computenetwork.dll",,,,
vmtoolsd.exe,C:\Program Files\VMware\VMware Tools\vmtoolsd.exe,"services.exe,explorer.exe",2,USER,"vmtoolsd.exe,ntdll.dll,KERNEL32.DLL,KERNELBASE.dll,ADVAPI32.dll,msvcrt.dll,sechost.dll,RPCRT4.dll,ole32.dll,msvcp_win.dll,ucrtbase.dll,GDI32.dll,win32u.dll,gdi32full.dll,USER32.dll,combase.dll,WS2_32.dll,VERSION.dll,intl.dll,glib-2.0.dll,SHELL32.dll,gmodule-2.0.dll,gobject-2.0.dll,vmtools.dll,OLEAUT32.dll,CRYPT32.dll,VCRUNTIME140.dll,pcre.dll,IpHlpApi.dll,SspiCli.dll,ntmarta.dll,windows.storage.dll,wintypes.dll,SHCORE.dll,shlwapi.dll,profapi.dll,vsocklib.dll,guestStoreClient.dll,hgfsServer.dll,MPR.dll,hgfs.dll,hgfsUsability.dll,USERENV.dll,vix.dll,Secur32.dll,NETAPI32.dll,NETUTILS.DLL,SAMCLI.DLL,appInfo.dll,PSAPI.DLL,autoLogon.dll,MSVCP140.dll,VCRUNTIME140_1.dll,autoUpgrade.dll,WTSAPI32.dll,bitMapper.dll,deployPkgPlugin.dll,deployPkg.dll,bcrypt.dll,deviceHelper.dll,diskWiper.dll,guestInfo.dll,hwUpgradeHelper.dll,SETUPAPI.dll,cfgmgr32.DLL,powerOps.dll,resolutionSet.dll,timeSync.dll,vmbackup.dll,kernel.appcore.dll,bcryptPrimitives.dll,clbcatq.dll,mswsock.dll,CRYPTBASE.DLL,NSI.dll,dhcpcsvc6.DLL,dhcpcsvc.DLL,DNSAPI.dll,wbemprox.dll,wbemcomn.dll,wbemsvc.dll,fastprox.dll,amsi.dll,MpOav.dll,comsvcs.dll,CRYPTSP.dll,rsaenh.dll,sxs.dll,WmiPerfInst.dll,pdh.dll,WINNSI.DLL,perfos.dll,pfclient.dll,powrprof.dll,UMPDC.dll,perfdisk.dll,WMICLNT.dll,vmtoolsd.exe,ntdll.dll,KERNEL32.DLL,KERNELBASE.dll,ADVAPI32.dll,msvcrt.dll,sechost.dll,RPCRT4.dll,ole32.dll,msvcp_win.dll,ucrtbase.dll,GDI32.dll,win32u.dll,gdi32full.dll,USER32.dll,combase.dll,WS2_32.dll,VERSION.dll,intl.dll,glib-2.0.dll,SHELL32.dll,gmodule-2.0.dll,gobject-2.0.dll,vmtools.dll,VCRUNTIME140.dll,OLEAUT32.dll,pcre.dll,CRYPT32.dll,IMM32.DLL,IpHlpApi.dll,SspiCli.dll,ntmarta.dll,windows.storage.dll,wintypes.dll,SHCORE.dll,shlwapi.dll,profapi.dll,uxtheme.dll,MSCTF.dll,vsocklib.dll,hgfsServer.dll,hgfs.dll,MPR.dll,hgfsUsability.dll,USERENV.dll,vix.dll,Secur32.dll,NETAPI32.dll,NETUTILS.DLL,SAMCLI.DLL,darkModeSync.dll,desktopEvents.dll,MSVCP140.dll,WTSAPI32.dll,VCRUNTIME140_1.dll,dndcp.dll,sigc-2.0.dll,unity.dll,PSAPI.DLL,dwmapi.dll,glibmm-2.4.dll,vmtray.dll,mfc140u.dll,Comctl32.dll,kernel.appcore.dll,bcryptPrimitives.dll,WINSTA.dll,textinputframework.dll,clbcatq.dll,dataexchange.dll,twinapi.appcore.dll,VMToolsHook64.dll,gdiplus.dll,Windows.System.Launcher.dll,msvcp110_win.dll,windows.staterepositorycore.dll,PROPSYS.dll,LINKINFO.dll,CFGMGR32.dll,apphelp.dll,NetworkExplorer.dll,IconCodecService.dll,WindowsCodecs.dll,msxml3.dll,bcrypt.dll,AppxPackaging.dll,urlmon.dll,XmlLite.dll,iertutil.dll,srvcli.dll,OpcServices.DLL,msxml6.dll,MSASN1.dll,mrmcorer.dll,Windows.UI.dll,bcp47mrm.dll,languageoverlayutil.dll,windows.staterepositoryclient.dll,comctl32.dll,thumbcache.dll,policymanager.dll,ieframe.dll,WINHTTP.dll,WKSCLI.DLL,msIso.dll,MLANG.dll,WININET.dll,dxcore.dll,edputil.dll,VAULTCLI.dll,OneCoreUAPCommonProxyStub.dll,CoreMessaging.dll,CoreUIComponents.dll",,,,
Widgets.exe,MULTIPLE,svchost.exe,1,USER,"Widgets.exe,ntdll.dll,KERNEL32.DLL,KERNELBASE.dll,shcore.dll,msvcp_win.dll,ucrtbase.dll,SHLWAPI.dll,msvcrt.dll,USER32.dll,win32u.dll,GDI32.dll,gdi32full.dll,ADVAPI32.dll,sechost.dll,RPCRT4.dll,SHELL32.dll,ole32.dll,combase.dll,OLEAUT32.dll,MSVCP140_APP.dll,CONCRT140_APP.dll,VCRUNTIME140_1_APP.dll,Wldp.dll,WebView2Loader.dll,PROPSYS.dll,d2d1.dll,VCRUNTIME140_APP.dll,CoreMessaging.dll,IMM32.DLL,kernel.appcore.dll,bcryptPrimitives.dll,clbcatq.dll,Windows.Web.dll,windows.staterepositorycore.dll,ShellCommonCommonProxyStub.dll,windowsudk.shellcommon.dll,wkscli.dll,netutils.dll,WindowsCodecs.dll,XmlLite.dll,windows.storage.dll,wintypes.dll,uxtheme.dll,Windows.Networking.Connectivity.dll,Windows.ApplicationModel.Background.TimeBroker.dll,BiWinrt.dll,powrprof.dll,UMPDC.dll,MSCTF.dll,Windows.ApplicationModel.Background.SystemEventsBroker.dll,Windows.ApplicationModel.dll,AppXDeploymentClient.dll,urlmon.dll,iertutil.dll,srvcli.dll,npmproxy.dll,Windows.UI.dll,Windows.Storage.ApplicationData.dll,IPHLPAPI.DLL,NSI.dll,dusmapi.dll,rometadata.dll,twinapi.appcore.dll,OneCoreUAPCommonProxyStub.dll,Windows.Web.Http.dll,WININET.dll,SspiCli.dll,profapi.dll,WS2_32.dll,ondemandconnroutehelper.dll,winhttp.dll,firewallapi.dll,fwbase.dll,mswsock.dll,WINNSI.DLL,Bcrypt.dll,Windows.UI.Immersive.dll,NInput.dll,dcomp.dll,DNSAPI.dll,CRYPTBASE.DLL,rasadhlp.dll,fwpuclnt.dll,FlightSettings.dll,EmbeddedBrowserWebView.dll,usermgrproxy.dll,wosc.dll,CRYPT32.dll,cryptsp.dll,schannel.DLL,mssprxy.dll,UpdatePolicy.dll,policymanager.dll,msvcp110_win.dll,mskeyprotect.dll,NTASN1.dll,MSASN1.dll,DPAPI.DLL,WINTRUST.dll,OneCoreCommonProxyStub.dll,rsaenh.dll,CFGMGR32.dll,cryptnet.dll,VERSION.dll,dhcpcsvc6.DLL,dhcpcsvc.DLL,textinputframework.dll,windows.staterepositoryclient.dll,capauthz.dll,ntmarta.dll,webio.dll,CapabilityAccessManagerClient.dll,Windows.Security.Authentication.Web.Core.dll,vaultcli.dll,Windows.StateRepositoryPS.dll,USERENV.dll,aadWamExtension.dll,wuceffects.dll,ncrypt.dll,ncryptsslp.dll,certenroll.dll,certca.dll,CoreUIComponents.dll,mlang.dll,threadpoolwinrt.dll,twinapi.dll,sxs.dll,Windows.System.Profile.PlatformDiagnosticsAndUsageDataSettings.dll,DiagnosticDataSettings.dll,WinRtTracing.dll,Geolocation.dll,LocationFrameworkPS.dll,StructuredQuery.dll,Windows.System.Launcher.dll,Windows.Storage.Search.dll,edputil.dll,IrisService.dll,dxcore.dll,Windows.Security.Authentication.OnlineId.dll,execmodelclient.dll,execmodelproxy.dll,gpapi.dll",,,,
wininit.exe,null,null,1,NT AUTHORITY\SYSTEM,null,,,,
winlogon.exe,C:\Windows\system32\winlogon.exe,null,2,NT AUTHORITY\SYSTEM,"winlogon.exe,ntdll.dll,KERNEL32.DLL,KERNELBASE.dll,msvcrt.dll,sechost.dll,RPCRT4.dll,combase.dll,ucrtbase.dll,advapi32.dll,powrprof.dll,UMPDC.dll,utcapi.dll,profapi.dll,user32.dll,win32u.dll,GDI32.dll,gdi32full.dll,msvcp_win.dll,IMM32.DLL,winsta.dll,SspiCli.dll,USERENV.dll,profext.dll,Bcrypt.dll,bcryptprimitives.dll,firewallapi.dll,fwbase.dll,uxinit.dll,UxTheme.dll,CRYPT32.dll,DPAPI.dll,CRYPTBASE.dll,shcore.dll,dwminit.dll,OLEAUT32.dll,ole32.dll,apphelp.dll,kernel.appcore.dll,clbcatq.dll,TextShaping.dll,dsreg.dll,usermgrcli.dll,ntmarta.dll,MPR.dll,AUTHZ.dll,wkscli.dll,netutils.dll",,,,
WmiPrvSE.exe,C:\Windows\System32\wbem\WmiPrvSE.exe,svchost.exe,2,NT AUTHORITY\NETWORK SERVICE,"wmiprvse.exe,ntdll.dll,KERNEL32.DLL,KERNELBASE.dll,msvcrt.dll,FastProx.dll,combase.dll,ucrtbase.dll,RPCRT4.dll,NCObjAPI.DLL,wbemcomn.dll,advapi32.dll,sechost.dll,user32.dll,win32u.dll,GDI32.dll,gdi32full.dll,msvcp_win.dll,kernel.appcore.dll,bcryptPrimitives.dll,clbcatq.dll,OLEAUT32.dll,wbemsvc.dll,wmiutils.dll,cimwin32.dll,powrprof.dll,framedynos.dll,SspiCli.dll,UMPDC.dll,DEVOBJ.dll,cfgmgr32.dll,NSI.dll,IPHLPAPI.DLL,dhcpcsvc6.DLL,dhcpcsvc.DLL,DNSAPI.dll,winbrand.dll,shcore.dll,schannel.DLL,NETAPI32.DLL,SAMCLI.DLL,SRVCLI.DLL,NETUTILS.DLL,LOGONCLI.DLL,SCHEDCLI.DLL,WKSCLI.DLL,DSROLE.DLL,cscapi.dll,ole32.dll,wtsapi32.dll,WINSTA.dll,SHLWAPI.dll,WINTRUST.dll,CRYPT32.dll,SHELL32.dll,MSASN1.dll,windows.storage.dll,wintypes.dll,DEVRTL.dll,SPINF.dll,drvstore.dll,CRYPTSP.dll,rsaenh.dll,CRYPTBASE.dll,gpapi.dll,bcrypt.dll,winspool.drv,PrintConfig.dll,VERSION.dll,prntvpt.dll,USERENV.dll,iertutil.dll,jscript.dll,profapi.dll,MpOav.dll,sxs.dll,FXSUI.DLL,FXSWZRD.dll,IMM32.dll,FXSTIFF.dll,TAPI32.dll,comctl32.dll,FXSRES.DLL,FXSAPI.DLL,ntevt.dll,ntmarta.dll,wevtapi.dll,PROVTHRD.dll,WS2_32.dll,DSREG.DLL,dxcore.dll,mswsock.dll,rasadhlp.dll,perfos.dll,pfclient.dll,WINNSI.DLL,MpOav.dll,cryptnet.dll,MpOav.dll,SECURITY.DLL,SECUR32.DLL,NetNat.dll,wmitomi.dll,miutils.dll,wmipcima.dll,fastprox.dll,CFGMGR32.dll",,,,
